단지명,업체명,업체전화번호,종업원수,생산품,공장대표주소(도로명),공장대표주소(지번),업종명,관리기관,관리기관전화번호,데이터기준일자
원주태장농공단지, (주)이지메디텍,033-745-4677,2,렌즈소독기,"강원도 원주시 태장공단길 42-10, 1동 201호 (태장동, 원주의료기기센터)",강원도 원주시 태장동  1720-26번지,그 외 기타 의료용 기기 제조업,강원도 원주시청,033-737-2982,2019-11-11
원주동화농공단지,(재)강원테크노파크,,1, ,강원도 원주시 문막읍 동화공단로 130-2,강원도 원주시 문막읍 동화리 1642-5번지,비주거용 건물 임대업,강원도 원주시청,033-737-2982,2019-11-11
원주문막농공단지,(주)가온,033-732-0656,4,금속제울타리,강원도 원주시 문막읍 문막공단길 71,강원도 원주시 문막읍 반계리 2184번지,기타 가공 공작기계 제조업 외 2 종,강원도 원주시청,033-737-2982,2019-11-11
원주태장농공단지,(주)가포넷,033-747-8267,35,"사지압박순환장치,전기마사지기","강원도 원주시 태장공단길 42-10, 1동 114, 125호 (태장동, 원주의료기기센터)",강원도 원주시 태장동  1720-26번지,그 외 기타 의료용 기기 제조업 외 1 종,강원도 원주시청,033-737-2982,2019-11-11
원주태장농공단지,(주)갈렙,033-748-0433,6,의료용 세정기,"강원도 원주시 태장공단길 42-10, 원주의료기기산업기술단지 3동 202호 (태장동)",강원도 원주시 태장동 1720-26번지 원주의료기기산업기술단지 3동 202호,그 외 기타 의료용 기기 제조업,강원도 원주시청,033-737-2982,2019-11-11
원주태장농공단지,(주)경원이엔지,033-744-4240,2,"배전반, 정수장비, 수위조절기, 지하수보호공, 비계용지주, 물탱크","강원도 원주시 태장공단길 42-1, 205호 (태장동)",강원도 원주시 태장동 1720-22번지 205호,배전반 및 전기 자동제어반 제조업 외 6 종,강원도 원주시청,033-737-2982,2019-11-11
원주문막지방산업단지,(주)광덕에이앤티,033-731-0280,145,조향장치용 플라스틱 부품,강원도 원주시 문막읍 문막공단길 176,강원도 원주시 문막읍 반계리 2234번지,그 외 자동차용 신품 부품 제조업 외 3 종,강원도 원주시청,033-737-2982,2019-11-11
원주문막농공단지,(주)광영,033-764-4414,4,"보안용카메라,영상감시장치,교통신호장치",강원도 원주시 문막읍 문막공단길 71,강원도 원주시 문막읍 반계리 2184번지,방송장비 제조업 외 1 종,강원도 원주시청,033-737-2982,2019-11-11
원주문막농공단지,(주)굿21하우징,033-762-9494,2,천정재 마루,강원도 원주시 문막읍 문막공단길 220,강원도 원주시 문막읍 반계리 5-28번지,표면 가공 목재 및 특정 목적용 제재목 제조업,강원도 원주시청,033-737-2982,2019-11-11
원주동화농공단지,(주)굿플,1644-5866,71,"저주파자극기, 의료용진동기, 레이저조사기",강원도 원주시 문막읍 동화공단로 107,강원도 원주시 문막읍 동화리 1660-2번지,그 외 기타 의료용 기기 제조업 외 1 종,강원도 원주시청,033-737-2982,2019-11-11
원주태장농공단지,(주)귀뚜라미 원주공장,033-734-3415,6,"보일러, 동체용접품",강원도 원주시 태장공단길 54-6 (태장동),강원도 원주시 태장동 1720-14번지,산업용 난방보일러 및 방열기 제조업 외 4 종,강원도 원주시청,033-737-2982,2019-11-11
원주태장농공단지,(주)그랜드,033-734-0482,16,"교통신호기, 교통신호등,배전반, 조명장치,분전반, 제어반,cctv",강원도 원주시 태장공단길 59 (태장동),강원도 원주시 태장동 1720-4번지,배전반 및 전기 자동제어반 제조업 외 13 종,강원도 원주시청,033-737-2982,2019-11-11
원주문막농공단지,(주)글로비젼,033-732-7327,7,LED조명기구,강원도 원주시 문막읍 문막공단길 226,강원도 원주시 문막읍 반계리 5-33번지,일반용 전기 조명장치 제조업,강원도 원주시청,033-737-2982,2019-11-11
원주태장농공단지,(주)금강토탈디자인,033-745-8373,32,"알루미늄휀스, 체육시설",강원도 원주시 태장공단길 48 (태장동),강원도 원주시 태장동 1720-11번지,알루미늄주물 주조업 외 8 종,강원도 원주시청,033-737-2982,2019-11-11
원주동화일반지방산업단지,(주)금성안전,033-743-8688,9,"금속재울타리,조립식구조물,도로교통안전시설물",강원도 원주시 문막읍 동화공단로 58-1,강원도 원주시 문막읍 동화리 1669-2번지,구조용 금속 판제품 및 공작물 제조업 외 6 종,강원도 원주시청,033-737-2982,2019-11-11
원주태장농공단지,(주)네오닥터,033-734-1861,10,네오플런저,"강원도 원주시 태장공단길 42-10,  204호 (태장동)",강원도 원주시 태장동  1720-26번지,그 외 기타 의료용 기기 제조업,강원도 원주시청,033-737-2982,2019-11-11
원주동화농공단지,(주)네오비젼,031-637-0363,48,"콘텍트렌즈,오존나이져",강원도 원주시 문막읍 동화공단로 129-1,강원도 원주시 문막읍 동화리 1667-5번지,안경 및 안경렌즈 제조업 외 1 종,강원도 원주시청,033-737-2982,2019-11-11
원주동화농공단지,(주)누가의료기,033-730-0011,64,온열치료기,강원도 원주시 문막읍 동화공단로 84-1,강원도 원주시 문막읍 동화리 1642-10번지,그 외 기타 의료용 기기 제조업,강원도 원주시청,033-737-2982,2019-11-11
원주동화농공단지,(주)누가의료기,033-730-0001,40,"온열치료기, x-ray",강원도 원주시 문막읍 동화리 1642-3 번지,강원도 원주시 문막읍 동화리 1642-3 번지,방사선 장치 제조업,강원도 원주시청,033-737-2982,2019-11-11
원주태장농공단지,(주)뉴보텍,033-734-6001,41,"하수도관, PVC관",강원도 원주시 태장공단길 42-6 (태장동) (총 4 필지),강원도 원주시 태장동 1720-28번지 외 3 필지,"플라스틱 선, 봉, 관 및 호스 제조업",강원도 원주시청,033-737-2982,2019-11-11
원주태장농공단지,(주)뉴보텍 제2공장,033-734-6001,23,"PVC관, PVC이음관","강원도 원주시 태장공단길 42-2 (태장동, 뉴보텍제2공장)",강원도 원주시 태장동 1720-23번지,"플라스틱 선, 봉, 관 및 호스 제조업 외 1 종",강원도 원주시청,033-737-2982,2019-11-11
원주문막지방산업단지,(주)다본,033-732-7343,3,"엔진커버, 브레이크부품",강원도 원주시 문막읍 문막공단길 198 (일륭기공㈜문막공장),강원도 원주시 문막읍 반계리 2223번지,그 외 자동차용 신품 부품 제조업 외 3 종,강원도 원주시청,033-737-2982,2019-11-11
원주태장농공단지,(주)다우메딕스,033-748-9211,18,요실금 수술용기구,"강원도 원주시 태장공단길 42-10,  원주의료기기산업기술단지 1 116호 (태장동)",강원도 원주시 태장동  1720-26번지,그 외 기타 의료용 기기 제조업,강원도 원주시청,033-737-2982,2019-11-11
원주동화일반지방산업단지,(주)다함에스엘피,031-611-1780,0,물류업,강원도 원주시 문막읍 동화공단로 85-7,강원도 원주시 문막읍 동화리 1680-7번지,일반 창고업,강원도 원주시청,033-737-2982,2019-11-11
원주태장농공단지,(주)대금전기,033-747-5421,10,"형광등기구,수배전반,가로등,자동제어반","강원도 원주시 태장공단길 42-5 (태장동, (주)대금중전기)",강원도 원주시 태장동 1720-20번지,변압기 제조업 외 4 종,강원도 원주시청,033-737-2982,2019-11-11
원주태장농공단지,(주)대승이엔씨,033-731-9201,4,"LED등기구, LED경관조명","강원도 원주시 태장공단길 51, D-5 (태장동, 원주창업보육센터)",강원도 원주시 태장동 1720-38번지 원주창업보육센터 D-5,전구 및 램프 제조업 외 3 종,강원도 원주시청,033-737-2982,2019-11-11
원주태장농공단지,(주)대신피아이씨,033-746-7149,10,자동제어반 및 분전반 등,강원도 원주시 태장공단길 54-5 (태장동),강원도 원주시 태장동 1720-52번지,배전반 및 전기 자동제어반 제조업 외 7 종,강원도 원주시청,033-737-2982,2019-11-11
원주문막지방산업단지,(주)대우건설문막철구사업소,033-732-4173,0,임대사업,강원도 원주시 문막읍 문막공단길 108 ((주)대우철구사업소) (총 3 필지),강원도 원주시 문막읍 반계리 2238번지,비주거용 건물 임대업,강원도 원주시청,033-737-2982,2019-11-11
원주문막지방산업단지,(주)대우에스티,033-732-4173,118,철구조물,강원도 원주시 문막읍 문막공단길 108 ((주)대우철구사업소),강원도 원주시 문막읍 반계리 2238번지,육상 금속 골조 구조재 제조업,강원도 원주시청,033-737-2982,2019-11-11
원주문막농공단지,(주)대지수출포장,033-731-5914,17,"골판지, 골판지 상자",강원도 원주시 문막읍 문막공단길 215,강원도 원주시 문막읍 반계리 5-19번지,골판지 제조업 외 1 종,강원도 원주시청,033-737-2982,2019-11-11
원주문막농공단지,(주)더마랩,033-732-7561,33,화장품원료(식물성추출물),강원도 원주시 문막읍 문막공단길 231 ((주)더마랩),강원도 원주시 문막읍 반계리 5-6번지,화장품 제조업,강원도 원주시청,033-737-2982,2019-11-11
원주문막지방산업단지,(주)데어리젠,033-732-8624,122,"우유, 치즈, 발효유",강원도 원주시 문막읍 문막공단길 170,강원도 원주시 문막읍 반계리 2233 번지,액상시유 및 기타 낙농제품 제조업 외 1 종,강원도 원주시청,033-737-2982,2019-11-11
원주태장농공단지,(주)도원엔바이로,070-8833-6931,9,자외선살균기,"강원도 원주시 태장공단길 51, D동 2호 (태장동, 원주창업보육센터)",강원도 원주시 태장동 1720-38번지 원주창업보육센터 D동 2호,액체 여과기 제조업,강원도 원주시청,033-737-2982,2019-11-11
원주문막지방산업단지,(주)동일수지,033-734-8560,22,스치로폼(건축용 보온단열재),강원도 원주시 문막읍 문막공단길 95,강원도 원주시 문막읍 반계리 2236-2번지,폴리스티렌 발포 성형제품 제조업 외 1 종,강원도 원주시청,033-737-2982,2019-11-11
원주문막지방산업단지,(주)동일수지 제2공장,033-746-1049,0,"스티로폴, 층간완충재",강원도 원주시 문막읍 문막공단길 75,강원도 원주시 문막읍 반계리 2236번지,폴리스티렌 발포 성형제품 제조업 외 1 종,강원도 원주시청,033-737-2982,2019-11-11
원주동화농공단지,(주)드림터치메디,033-765-3666,3,목전용지압 마사지기기,강원도 원주시 문막읍 동화공단로 130-2,강원도 원주시 문막읍 동화리 1642-5번지,그 외 기타 의료용 기기 제조업,강원도 원주시청,033-737-2982,2019-11-11
원주동화농공단지,(주)디메디,033-744-0174,9,의료용엑스선필름스캐너,"강원도 원주시 문막읍 동화공단로 130-2,  원주벤처프라자 209호",강원도 원주시 문막읍 동화리 1642-5번지 원주벤처프라자 209호,그 외 기타 의료용 기기 제조업,강원도 원주시청,033-737-2982,2019-11-11
원주문막농공단지,(주)라인텍,,60,자동차부품,강원도 원주시 문막읍 문막공단길 224,강원도 원주시 문막읍 반계리 5-13번지,자동차 엔진용 신품 부품 제조업 외 1 종,강원도 원주시청,033-737-2982,2019-11-11
원주태장농공단지,(주)레디오스,033-734-1455,6,"led가로등, 가로등주",강원도 원주시 태장공단길 42-1 (태장동),강원도 원주시 태장동  1720-22번지,일반용 전기 조명장치 제조업 외 3 종,강원도 원주시청,033-737-2982,2019-11-11
원주태장농공단지,(주)레디오스 제2공장,033-734-1455,4,"가로등주, 조명타워, 신호등주 종합폴, 금속기둥",강원도 원주시 태장공단길 42-7 (태장동),강원도 원주시 태장공단길 42-7 (태장동),육상 금속 골조 구조재 제조업 외 1 종,강원도 원주시청,033-737-2982,2019-11-11
원주동화농공단지,(주)리스템,033-740-8310,55,X선장치,강원도 원주시 문막읍 동화공단로 94 (총 2 필지),강원도 원주시 문막읍 동화리 1644-1번지,방사선 장치 제조업,강원도 원주시청,033-737-2982,2019-11-11
원주문막농공단지,(주)만도,033-730-6012,"1,217",자동차부품(조향장치),강원도 원주시 문막읍 문막공단길 80 (㈜만도원주제1공장) (총 2 필지),강원도 원주시 문막읍 반계리 5-22번지 외 1 필지,그 외 자동차용 신품 부품 제조업 외 3 종,강원도 원주시청,033-737-2982,2019-11-11
원주문막지방산업단지,(주)만도,033-730-6012,96,에어백,강원도 원주시 문막읍 문막공단길 119 (㈜만도원주제2공장),강원도 원주시 문막읍 반계리 2237번지,그 외 자동차용 신품 부품 제조업,강원도 원주시청,033-737-2982,2019-11-11
원주동화일반지방산업단지,(주)만앤휴멜코리아,033-760-4078,400,자동차용필터류,강원도 원주시 문막읍 동화공단로 77-1 (총 3 필지) (총 3 필지),강원도 원주시 문막읍 동화리 1681-2번지 외 2 필지,기체 여과기 제조업 외 1 종,강원도 원주시청,033-737-2982,2019-11-11
원주동화농공단지,(주)메가메디칼,033-733-7330,37,이비인후과용진료장비,강원도 원주시 문막읍 동화공단로 110-1,강원도 원주시 문막읍 동화리 1647-2번지,그 외 기타 의료용 기기 제조업 외 2 종,강원도 원주시청,033-737-2982,2019-11-11
원주태장농공단지,(주)메디룬,033-765-5739,4,휴대용 생리통완화기,"강원도 원주시 태장공단길 42-10,  3동 206,207호 (태장동)","강원도 원주시 태장동 1720-26번지 3동 206,207호",그 외 기타 의료용 기기 제조업,강원도 원주시청,033-737-2982,2019-11-11
원주동화농공단지,(주)메디아나,033-742-5407,94,환자감시장치류,강원도 원주시 문막읍 동화공단로 132,강원도 원주시 문막읍 동화리 1650-1번지,전기식 진단 및 요법 기기 제조업,강원도 원주시청,033-737-2982,2019-11-11
원주동화농공단지,(주)메디칼드림,031-796-5200,75,"안마의자,혈당혈압계등",강원도 원주시 문막읍 동화공단로 101,강원도 원주시 문막읍 동화리 1663-1번지,기타 가정용 전기기기 제조업 외 2 종,강원도 원주시청,033-737-2982,2019-11-11
원주태장농공단지,(주)메디칼스킨리페어,,0,고주파치료기,"강원도 원주시 태장공단길 42-10,  원주의료기기기술단지 2 202호 (태장동)",강원도 원주시 태장동 1720-26번지 원주의료기기기술단지 2동 202호,그 외 기타 의료용 기기 제조업,강원도 원주시청,033-737-2982,2019-11-11
원주동화농공단지,(주)메디칼써프라이,033-742-4300,50,"진동감각측정기,진동감각지각측정기,정자분석기",강원도 원주시 문막읍 동화공단로 110,강원도 원주시 문막읍 동화리 1647-3번지,그 외 기타 의료용 기기 제조업,강원도 원주시청,033-737-2982,2019-11-11
원주동화농공단지,(주)메디코넷,033-742-0240,11,고압산소챔버,강원도 원주시 문막읍 동화공단로 152,강원도 원주시 문막읍 동화리 1652-3번지,그 외 기타 의료용 기기 제조업,강원도 원주시청,033-737-2982,2019-11-11
원주동화농공단지,(주)메딕콘,,4,여드림치료기,강원도 원주시 문막읍 동화공단로 130-2,강원도 원주시 문막읍 동화리 1642-5번지,그 외 기타 의료용 기기 제조업,강원도 원주시청,033-737-2982,2019-11-11
원주태장농공단지,(주)메쉬,033-748-2704,5,"의료용 적외선 촬영장치, 체열진단기","강원도 원주시 태장공단길 42-10,  원주의료기기기술단지 1동 107, 108호 (태장동)",강원도 원주시 태장동  1720-26번지,방사선 장치 제조업 외 1 종,강원도 원주시청,033-737-2982,2019-11-11
원주태장농공단지,(주)미래텍,033-745-8600,7,"염소투입기, 수위조절기, 지하수상부보호공, 정수장비세트",강원도 원주시 태장공단길 42-1 (태장동),강원도 원주시 태장동 1720-22번지,액체 펌프 제조업 외 4 종,강원도 원주시청,033-737-2982,2019-11-11
원주동화농공단지,(주)바이오프로테크,033-735-7720,94,의료용 전국,강원도 원주시 문막읍 동화공단로 151-3 (총 2 필지),강원도 원주시 문막읍 동화리 1654-7번지,그 외 기타 의료용 기기 제조업 외 1 종,강원도 원주시청,033-737-2982,2019-11-11
원주동화일반지방산업단지,(주)밴트랙코리아,033-746-3999,4,트랙터,강원도 원주시 문막읍 동화공단로 62 ((주)카멕스이엠),강원도 원주시 문막읍 동화리 1671-2번지 (주)카멕스이엠,농업 및 임업용 기계 제조업,강원도 원주시청,033-737-2982,2019-11-11
원주문막농공단지,(주)베스트,033-734-1062,55,"안전벨트,에어백",강원도 원주시 문막읍 문막공단길 222 (총 2 필지),강원도 원주시 문막읍 반계리 5-14번지,그 외 자동차용 신품 부품 제조업 외 3 종,강원도 원주시청,033-737-2982,2019-11-11
원주동화농공단지,(주)보성메디텍,033-735-2623,8,"일회용 채혈침, 일회용 채혈기","강원도 원주시 문막읍 동화공단로 107, F동 2층",강원도 원주시 문막읍 동화리 1660-2번지 F동 2층,그 외 기타 의료용 기기 제조업,강원도 원주시청,033-737-2982,2019-11-11
원주문막농공단지,(주)비 인더스트리,070-7864-2004,2,안전매트,"강원도 원주시 문막읍 문막공단길 53, 지하1층 (비콤시스템)",강원도 원주시 문막읍 반계리 5-18번지 비콤시스템 지하1층,기타 플라스틱 발포 성형제품 제조업,강원도 원주시청,033-737-2982,2019-11-11
원주태장농공단지,(주)비엔텍,033-732-1772,3,"LED 조명장치, 볼라드, 조형물","강원도 원주시 태장공단길 51, A-102 (태장동, 원주창업보육센터)",강원도 원주시 태장동 1720-38번지 원주창업보육센터 A-102,일반용 전기 조명장치 제조업 외 2 종,강원도 원주시청,033-737-2982,2019-11-11
원주태장농공단지,(주)사이언씨티,033-746-6954,4,튜빈팩,"강원도 원주시 태장공단길 42-10, 101,102,107,108호 (태장동, 원주의료기기센터)","강원도 원주시 태장동 1720-26번지 원주의료기기센터 101,102,107,108호",그 외 기타 의료용 기기 제조업,강원도 원주시청,033-737-2982,2019-11-11
원주동화농공단지,(주)삼손,02-2025-1111,5,물리치료기,강원도 원주시 문막읍 동화공단로 130,강원도 원주시 문막읍 동화리 1647-4번지,전기식 진단 및 요법 기기 제조업 외 2 종,강원도 원주시청,033-737-2982,2019-11-11
원주우산지방산업단지,(주)삼양T.H.S,033-740-8200,30,수산물 냉동보관,"강원도 원주시 우산로 177 (우산동, 삼양식품공장)",강원도 원주시 우산동 390 번지,수산동물 냉동품 제조업,강원도 원주시청,033-737-2982,2019-11-11
원주태장농공단지,(주)삼원포장,033-734-9605,5,골판지상자,"강원도 원주시 태장공단길 42-9 (태장동, 삼원포장)",강원도 원주시 태장동  1720-18번지,골판지 제조업 외 1 종,강원도 원주시청,033-737-2982,2019-11-11
원주태장농공단지,(주)삼정에스비티,033-764-2356,5,"스테인레스물탱크 및 관련 부품, 배관연결장치 부속부품",강원도 원주시 태장공단길 54-3 (태장동) (총 2 필지),강원도 원주시 태장동 1720-8번지 외 1 필지,금속탱크 및 저장용기 제조업 외 2 종,강원도 원주시청,033-737-2982,2019-11-11
원주우산지방산업단지,(주)서진텍,033-813-2015,22,에어백,강원도 원주시 우두산길 7 (우산동),강원도 원주시 우산동 405-6번지,그 외 자동차용 신품 부품 제조업,강원도 원주시청,033-737-2982,2019-11-11
원주동화농공단지,(주)서흥메가텍,033-0744-360,16,저주파치료기,"강원도 원주시 문막읍 동화공단로 147-1,  동화의료기기생산공장6-15호",강원도 원주시 문막읍 동화리 1667-7번지 동화의료기기생산공장6-15호,그 외 기타 의료용 기기 제조업,강원도 원주시청,033-737-2982,2019-11-11
원주태장농공단지,(주)선진건설안전,033-745-4680,4,디자인휀스,강원도 원주시 태장공단길 54-3 (태장동),강원도 원주시 태장동 1720-8번지,구조용 금속 판제품 및 공작물 제조업,강원도 원주시청,033-737-2982,2019-11-11
원주태장농공단지,(주)선진티앤씨,033-745-4680,5,"도로표지판, 금속조립구조물, 버스승강장, 목재 판재",강원도 원주시 태장공단길 54-3 (태장동),강원도 원주시 태장동 1720-8번지,금속 표시판 제조업 외 3 종,강원도 원주시청,033-737-2982,2019-11-11
원주태장농공단지,(주)성원엠엔디,033-748-8799,5,"금속창호, 금속구조물, 금속재울타리, 공원체육시설, 경관조명기구","강원도 원주시 태장공단길 51, D-3 (태장동, 원주창업보육센터)",강원도 원주시 태장동 1720-38번지 원주창업보육센터 D-3,"금속 문, 창, 셔터 및 관련제품 제조업 외 13 종",강원도 원주시청,033-737-2982,2019-11-11
원주태장농공단지,(주)세명,033-735-3248,4,"온열환부보호대, 방염커튼","강원도 원주시 태장공단길 42-10, 2동 202호 (태장동, 원주의료기기센터)",강원도 원주시 태장동  1720-26번지,그 외 기타 의료용 기기 제조업 외 1 종,강원도 원주시청,033-737-2982,2019-11-11
원주태장농공단지,(주)세원,033-734-7200,29,오일휠타,"강원도 원주시 태장공단길 53 (태장동, (주)세원)",강원도 원주시 태장동  1720-34번지,기체 여과기 제조업 외 1 종,강원도 원주시청,033-737-2982,2019-11-11
원주태장농공단지,(주)세원,033-734-7200,58,자동차용휠타류,강원도 원주시 태장공단길 49 (태장동),강원도 원주시 태장동  1720-37번지,자동차 엔진용 신품 부품 제조업 외 1 종,강원도 원주시청,033-737-2982,2019-11-11
원주동화일반지방산업단지,(주)세정테크,033-744-2037,15,오일필터,강원도 원주시 문막읍 동화공단로 52,강원도 원주시 문막읍 동화리 1671-4번지,그 외 자동차용 신품 부품 제조업 외 3 종,강원도 원주시청,033-737-2982,2019-11-11
원주동화농공단지,(주)소닉월드,033-813-1813,22,"의료용진동기, 범용진동운동기기",강원도 원주시 문막읍 동화공단로 131,강원도 원주시 문막읍 동화리 1660-1번지 ,그 외 기타 의료용 기기 제조업 외 2 종,강원도 원주시청,033-737-2982,2019-11-11
원주동화일반지방산업단지,(주)소룩스,033-670-8200,16,조명기구,강원도 원주시 문막읍 동화공단로 68,강원도 원주시 문막읍 동화리 1671-1번지,일반용 전기 조명장치 제조업,강원도 원주시청,033-737-2982,2019-11-11
원주문막농공단지,(주)소연메디칼,033-743-7302,13,"의료용가온가습기,HEATED CIRCUIT",강원도 원주시 문막읍 문막공단길 222,강원도 원주시 문막읍 반계리 5-14번지,의료용품 및 기타 의약 관련제품 제조업,강원도 원주시청,033-737-2982,2019-11-11
원주태장농공단지,(주)수메디칼,02-518-1817,2,압박용밴드,"강원도 원주시 태장공단길 42-10, 1동 208호 (태장동, 원주의료기기센터)",강원도 원주시 태장동 1720-26번지 원주의료기기센터 1동 208호,그 외 기타 의료용 기기 제조업,강원도 원주시청,033-737-2982,2019-11-11
원주문막농공단지,(주)스페이스업,033-743-0640,7,천막 및 기타 캔버스 제품,강원도 원주시 문막읍 문막공단길 71,강원도 원주시 문막읍 반계리 2184번지,"천막, 텐트 및 유사 제품 제조업 외 7 종",강원도 원주시청,033-737-2982,2019-11-11
원주태장농공단지,(주)시원그리드,033-733-1980,3,토목용섬유,강원도 원주시 태장공단길 59 (태장동),강원도 원주시 태장동 1720-4번지,플라스틱 필름 제조업 외 1 종,강원도 원주시청,033-737-2982,2019-11-11
원주동화일반지방산업단지,(주)신우하이텍,033-744-9361,45,lpgi filter ass'y,강원도 원주시 문막읍 동화공단로 85-8,강원도 원주시 문막읍 동화리 1680-8번지,액체 여과기 제조업,강원도 원주시청,033-737-2982,2019-11-11
원주문막농공단지,(주)신화이엔지,033-731-9967,7,자동차부품,강원도 원주시 문막읍 문막공단길 228,강원도 원주시 문막읍 반계리 5-15번지,그 외 자동차용 신품 부품 제조업 외 3 종,강원도 원주시청,033-737-2982,2019-11-11
원주태장농공단지,(주)신화푸드,033-747-7100,18,"돈까스, 미트볼, 치즈볼","강원도 원주시 태장공단길 54-10 (태장동, 대양종합식품산업사)",강원도 원주시 태장동 1720-15번지 대양종합식품산업사,육류 기타 가공 및 저장처리업 (가금류 제외) 외 3 종,강원도 원주시청,033-737-2982,2019-11-11
원주동화농공단지,(주)신흥엠에스티,033-730-1902,0,치과임플란트,강원도 원주시 문막읍 동화공단로 110-2,강원도 원주시 문막읍 동화리 1642-8번지,정형외과용 및 신체보정용 기기 제조업,강원도 원주시청,033-737-2982,2019-11-11
원주태장농공단지,(주)써지텍-임대기간만료,033-735-5211,3,수술용기구,"강원도 원주시 태장공단길 42-10 (태장동, 원주의료기기센터)",강원도 원주시 태장동  1720-26번지,그 외 기타 의료용 기기 제조업,강원도 원주시청,033-737-2982,2019-11-11
원주태장농공단지,(주)씨에스텍,033-734-6931,5,"리튬1,2차분리막","강원도 원주시 태장공단길 41 (태장동, (주)제이씨텍)",강원도 원주시 태장동  1720-46번지,플라스틱 필름 제조업 외 1 종,강원도 원주시청,033-737-2982,2019-11-11
원주동화농공단지,(주)씨유메디칼시스템,033-747-7657,115,심장충격기,강원도 원주시 문막읍 동화공단로 130-1,강원도 원주시 문막읍 동화리 1647-1번지,전기식 진단 및 요법 기기 제조업,강원도 원주시청,033-737-2982,2019-11-11
원주태장농공단지,(주)아신,033-734-6562,6,"액체여과기, 산업용펌프, 무대기계, 지하수관련기계","강원도 원주시 태장공단길 54-2 (태장동, (주)아신)",강원도 원주시 태장동 1720-12번지,액체 여과기 제조업 외 8 종,강원도 원주시청,033-737-2982,2019-11-11
원주동화농공단지,(주)아이센스 원주공장,033-903-0700,35,혈당측정기,강원도 원주시 문막읍 동화공단로 94-1 (㈜아이센스동화생산시설),강원도 원주시 문막읍 동화리 1642-9번지,"물질 검사, 측정 및 분석기구 제조업 외 1 종",강원도 원주시청,033-737-2982,2019-11-11
원주태장농공단지,(주)에너직스,033-766-6679,3,"조립식구조물, 버스승강장, 자전거거치대,파고라","강원도 원주시 태장공단길 51, D-1호 (태장동, 원주창업보육센터)",강원도 원주시 태장동 1720-38번지 원주창업보육센터 D-1호,육상 금속 골조 구조재 제조업 외 5 종,강원도 원주시청,033-737-2982,2019-11-11
원주태장농공단지,(주)에보소닉,033-747-8587,16,이미용기기(맛사지기기),"강원도 원주시 태장공단길 42-10,  1동 205호, 104호, 118호 (태장동, 원주의료기기센터)","강원도 원주시 태장동 1720-26번지 원주의료기기센터  1동 205호, 104호, 118호",그 외 기타 의료용 기기 제조업,강원도 원주시청,033-737-2982,2019-11-11
원주태장농공단지,(주)에스에스인터내셔널,033-765-1148,10,"LED모듈, 컨버터, 기구물, 포장재","강원도 원주시 태장공단길 54-4 (태장동, 한미실업(주))",강원도 원주시 태장동 1720-13번지 한미실업(주),일반용 전기 조명장치 제조업,강원도 원주시청,033-737-2982,2019-11-11
원주태장농공단지,(주)에스에이치엘,033-747-1434,13,윤활유,강원도 원주시 태장공단길 56 (태장동),강원도 원주시 태장동 1720-10번지,윤활유 및 그리스 제조업,강원도 원주시청,033-737-2982,2019-11-11
원주동화농공단지,(주)에이블디자인스,033-762-0420,6,"보조공학기기, 재활또는치료용부하운동기구","강원도 원주시 문막읍 동화공단로 130-2, 202호, 203호","강원도 원주시 문막읍 동화리 1642-5번지 202호, 203호",의료용 가구 제조업 외 1 종,강원도 원주시청,033-737-2982,2019-11-11
원주태장농공단지,(주)에이텍,033-762-8822,6,"감시용카메라, 배전반 및 전기자동제어반",강원도 원주시 태장공단길 59 (태장동),강원도 원주시 태장동 1720-4번지,방송장비 제조업 외 3 종,강원도 원주시청,033-737-2982,2019-11-11
원주태장농공단지,(주)에프비엘,033-747-4228,2,"물리치료기, 전자부품실장기판","강원도 원주시 태장공단길 42-10, 4동 103호 (태장동)",강원도 원주시 태장동  1720-26번지,그 외 기타 의료용 기기 제조업 외 1 종,강원도 원주시청,033-737-2982,2019-11-11
원주태장농공단지,(주)엑스엘,070-7767-3583,10,엑스선발생장치,"강원도 원주시 태장공단길 42-10, 4동 106호 (태장동, 원주의료기기센터)",강원도 원주시 태장동  1720-26번지,방사선 장치 제조업,강원도 원주시청,033-737-2982,2019-11-11
원주태장농공단지,(주)엘에스지,033-748-0591,5,"양면테이프,청소용테이프,접착지","강원도 원주시 태장공단길 37 (태장동, (주)한성)",강원도 원주시 태장동  1720-40번지,일반철물 제조업 외 24 종,강원도 원주시청,033-737-2982,2019-11-11
원주태장농공단지,(주)엠디마노,033-731-3649,1,"사무용가구, 주방용가구, 일반가구 등","강원도 원주시 태장공단길 54-4 (태장동, 한미실업(주))",강원도 원주시 태장동 1720-13번지 한미실업(주),주방용 및 음식점용 목재가구 제조업 외 1 종,강원도 원주시청,033-737-2982,2019-11-11
원주동화일반지방산업단지,(주)엠에스그리드,033-737-8380,12,"변압기, 개폐기",강원도 원주시 문막읍 동화공단로 32,강원도 원주시 문막읍 동화리 1672-3번지,변압기 제조업 외 1 종,강원도 원주시청,033-737-2982,2019-11-11
원주태장농공단지,(주)엠에이피,033-766-0511,2,사료첨가제,"강원도 원주시 태장공단길 51,  원주생산형창업보육센터 D-6 (태장동)",강원도 원주시 태장동  1720-38번지,배합 사료 제조업 외 1 종,강원도 원주시청,033-737-2982,2019-11-11
원주태장농공단지,(주)엠큐어,033-734-5970,27,자동약물 주입기,"강원도 원주시 태장공단길 42-10, 의료기기산업단지 4동 203호, 208호, 209호 (태장동)","강원도 원주시 태장동 1720-26번지 의료기기산업단지 4동 203호, 208호, 209호",그 외 기타 의료용 기기 제조업,강원도 원주시청,033-737-2982,2019-11-11
원주태장농공단지,(주)영진,033-742-3351,5,"CCTV카메라, 스피커","강원도 원주시 태장공단길 54-4, 4층 (태장동)",강원도 원주시 태장동 1720-13번지 4층,방송장비 제조업,강원도 원주시청,033-737-2982,2019-11-11
원주문막지방산업단지,(주)영화제이,033-732-5530,11,물엿,강원도 원주시 문막읍 문막공단길 103 (㈜영화제이공장),강원도 원주시 문막읍 반계리 2236-4번지,전분제품 및 당류 제조업,강원도 원주시청,033-737-2982,2019-11-11
원주태장농공단지,(주)오감바이오,070-4235-6426,2,화장품,"강원도 원주시 태장공단길 51, A동 201호 (태장동)",강원도 원주시 태장동 1720-38번지 A동 201호,화장품 제조업,강원도 원주시청,033-737-2982,2019-11-11
원주문막농공단지,(주)오스코리아제약,033-731-2801,36,조영제,강원도 원주시 문막읍 문막공단길 252,강원도 원주시 문막읍 반계리 5-7번지,완제 의약품 제조업,강원도 원주시청,033-737-2982,2019-11-11
원주태장농공단지,(주)오토메이션,033-735-7767,5,"계장(계측)제어장치, 자동제어반, 유량계, 프로세스제어반","강원도 원주시 태장공단길 51, C동 3호 (태장동, 원주창업보육센터)",강원도 원주시 태장동 1720-38번지 원주창업보육센터 C동 3호,배전반 및 전기 자동제어반 제조업 외 2 종,강원도 원주시청,033-737-2982,2019-11-11
원주문막농공단지,(주)오토테크,033-732-3702,47,자동차조향장치,강원도 원주시 문막읍 문막공단길 248,강원도 원주시 문막읍 반계리 5-11번지,그 외 자동차용 신품 부품 제조업 외 3 종,강원도 원주시청,033-737-2982,2019-11-11
원주동화농공단지,(주)옵토바이오메드,033-742-6015,5,"피부영상분석시스템,편광확대경",강원도 원주시 문막읍 동화공단로 152,강원도 원주시 문막읍 동화리 1652-3번지,기타 광학기기 제조업,강원도 원주시청,033-737-2982,2019-11-11
원주태장농공단지,(주)우리이엔지,033-734-0697,8,"자동제어반, 전기자동제어반",강원도 원주시 태장공단길 59 (태장동),강원도 원주시 태장동 1720-4번지,배전반 및 전기 자동제어반 제조업,강원도 원주시청,033-737-2982,2019-11-11
원주태장농공단지,(주)우진,033-761-4243,11,"LED조명, LED신호등, LED가로등, LED보안등, 배전반, 자동제어반, 태양광발전장치, 태양광가로등, 수배전반",강원도 원주시 태장공단길 50 (태장동),강원도 원주시 태장동 1720-61번지,일반용 전기 조명장치 제조업 외 12 종,강원도 원주시청,033-737-2982,2019-11-11
원주동화농공단지,(주)원앙의료기,033-742-4221,12,개인용조합자극기,강원도 원주시 문막읍 동화공단로 84-1,강원도 원주시 문막읍 동화리 1642-10번지,그 외 기타 의료용 기기 제조업,강원도 원주시청,033-737-2982,2019-11-11
원주동화농공단지,(주)윌트리,033-900-1223,4,"저주파치료기, 적외선조사기","강원도 원주시 문막읍 동화공단로 130-2, 2동 201호",강원도 원주시 문막읍 동화리 1642-5번지 2동 201호,전기식 진단 및 요법 기기 제조업,강원도 원주시청,033-737-2982,2019-11-11
원주동화농공단지,(주)유원메디텍,02-575-8770,5,"인공복막용 메쉬, 의료용 견인기 등","강원도 원주시 문막읍 동화공단로 147-1,  동화의료기기생산공장 3~4호",강원도 원주시 문막읍 동화리 1667-7번지 동화의료기기생산공장 3~4호,의료용품 및 기타 의약 관련제품 제조업,강원도 원주시청,033-737-2982,2019-11-11
원주우산지방산업단지,(주)유정개발,033-742-3661,59,"배수관, 오수관",강원도 원주시 우두산길 19 (우산동),강원도 원주시 우산동 411-3번지,콘크리트 관 및 기타 구조용 콘크리트 제품 제조업,강원도 원주시청,033-737-2982,2019-11-11
원주태장농공단지,(주)이레이앤엘,033-812-2355,4,"놀이터 용품, 야외헬스조립, 건축용 나무제품","강원도 원주시 태장공단길 42-1, 101호 (태장동)",강원도 원주시 태장동 1720-22번지 101호,놀이터용 장비 제조업 외 3 종,강원도 원주시청,033-737-2982,2019-11-11
원주태장농공단지,(주)이엔씨파워,033-734-1037,4,"LED 램프, LED 형광등, 도로명판 등","강원도 원주시 태장공단길 50, 1동 101호 (태장동)",강원도 원주시 태장동 1720-61번지 1동 101호,전구 및 램프 제조업 외 8 종,강원도 원주시청,033-737-2982,2019-11-11
원주태장농공단지,(주)이엔에스,033-731-2988,9,"조명기구, 전광판, 조형물, 디지털영상정보안내시스템","강원도 원주시 태장공단길 51, C-1 (태장동, 원주창업보육센터)",강원도 원주시 태장동 1720-38번지 원주창업보육센터 C-1,일반용 전기 조명장치 제조업 외 4 종,강원도 원주시청,033-737-2982,2019-11-11
원주동화농공단지,(주)인더스웰,02-3446-2235,7,"IoT 혈압계, IoT혈당계, IoT체중계","강원도 원주시 문막읍 동화공단로 130-2, 원주벤처공장 201호",강원도 원주시 문막읍 동화리 1642-5번지 원주벤처공장 201호,그 외 기타 의료용 기기 제조업,강원도 원주시청,033-737-2982,2019-11-11
원주동화농공단지,(주)인스킨,070-4027-7721,14,의료용레이져장비,"강원도 원주시 문막읍 동화공단로 130-2, 1-101호",강원도 원주시 문막읍 동화리 1642-5번지 1-101호,그 외 기타 의료용 기기 제조업,강원도 원주시청,033-737-2982,2019-11-11
원주자동차부품일반지방산업단지,(주)인하에이엠티,033-744-3900,14,차량용 공기조절장치,"강원도 원주시 문막읍 세오름길 26,  BL-7",강원도 원주시 문막읍 동화리 1288-3번지,그 외 자동차용 신품 부품 제조업 외 3 종,강원도 원주시청,033-737-2982,2019-11-11
원주문막지방산업단지,(주)일광,033-731-2086,38,자동차부품,강원도 원주시 문막읍 문막공단길 178,강원도 원주시 문막읍 반계리 2228번지,그 외 자동차용 신품 부품 제조업,강원도 원주시청,033-737-2982,2019-11-11
원주문막농공단지,(주)일신테크,033-732-8155,44,"캐리어,캘리퍼",강원도 원주시 문막읍 문막공단길 61,강원도 원주시 문막읍 반계리 5-31번지,그 외 자동차용 신품 부품 제조업 외 3 종,강원도 원주시청,033-737-2982,2019-11-11
원주태장농공단지,(주)전성,033-766-6679,6,버스승강장 등,"강원도 원주시 태장공단길 42-1, 1층 105호 (태장동)",강원도 원주시 태장동 1720-60번지 1층 105호,육상 금속 골조 구조재 제조업 외 5 종,강원도 원주시청,033-737-2982,2019-11-11
원주문막지방산업단지,(주)제이산업,,3,자동차부품,"강원도 원주시 문막읍 문막공단길 103, F호 (㈜영화제이공장)",강원도 원주시 문막읍 반계리 2236-4번지 ㈜영화제이공장 F호,그 외 기타 금속가공업,강원도 원주시청,033-737-2982,2019-11-11
원주태장농공단지,(주)제중메디칼,033-747-5363,5,엑스레이 뷰 박스,"강원도 원주시 태장공단길 42-10,  의료기기산업기술단지 1 110호 (태장동)",강원도 원주시 태장동  1720-26번지,그 외 기타 의료용 기기 제조업,강원도 원주시청,033-737-2982,2019-11-11
원주동화일반지방산업단지,(주)중일전기,033-743-0071,37,"경관조명기구, 태양광발전장치",강원도 원주시 문막읍 동화공단로 85-6,강원도 원주시 문막읍 동화리 1680-6번지,일반용 전기 조명장치 제조업 외 3 종,강원도 원주시청,033-737-2982,2019-11-11
원주문막농공단지,(주)진성산업,033-742-9491,30,안전벨트,강원도 원주시 문막읍 문막공단길 69,강원도 원주시 문막읍 반계리 2194번지,그 외 자동차용 신품 부품 제조업 외 3 종,강원도 원주시청,033-737-2982,2019-11-11
원주태장농공단지,(주)진한,033-765-0890,3,"차양 및 도로시설물, 비치파라솔, 야외운동기구, 옥외용벤치, 퍼걸러","강원도 원주시 태장공단길 51, C-2 (태장동, 원주창업보육센터)",강원도 원주시 태장동 1720-38번지 원주창업보육센터 C-2,구조용 금속 판제품 및 공작물 제조업 외 4 종,강원도 원주시청,033-737-2982,2019-11-11
원주태장농공단지,(주)참빛라이팅,033-734-1411,3,LED 다운라이트,"강원도 원주시 태장공단길 51, C동 3호 (태장동)",강원도 원주시 태장동 1720-38번지 C동 3호,일반용 전기 조명장치 제조업,강원도 원주시청,033-737-2982,2019-11-11
원주태장농공단지,(주)참존,033-741-8500,125,화장품,"강원도 원주시 태장동 1720-1,5번지","강원도 원주시 태장동 1720-1,5번지",완제 의약품 제조업 외 1 종,강원도 원주시청,033-737-2982,2019-11-11
원주태장농공단지,(주)카이로스,070-7006-0248,5,휴대용여드림치료기,"강원도 원주시 태장공단길 42-10,  3동 204호 (태장동)",강원도 원주시 태장동 1720-26번지 원주의료기기센터 3동 204호,그 외 기타 의료용 기기 제조업,강원도 원주시청,033-737-2982,2019-11-11
원주태장농공단지,(주)케어텍,070-7019-8327,1,내시경,"강원도 원주시 태장공단길 42-10, 1동112,113호,129,202 (태장동, 원주의료기기센터)","강원도 원주시 태장동 1720-26번지 원주의료기기센터 1동112,113호,129,202",그 외 기타 의료용 기기 제조업,강원도 원주시청,033-737-2982,2019-11-11
원주문막지방산업단지,(주)케이씨씨,033-749-4500,68,유리섬유,강원도 원주시 문막읍 문막공단길 106 ((주)KCC문막공장),강원도 원주시 문막읍 반계리 2239번지,"1차 유리제품, 유리섬유 및 광학용 유리 제조업",강원도 원주시청,033-737-2982,2019-11-11
원주동화일반지방산업단지,(주)케이에스알,033-744-8681,6,"가드레일,교량난간,금속재울타리,방음판,금속기둥 등의 교통안전시설물",강원도 원주시 문막읍 동화공단로 85-8,강원도 원주시 문막읍 동화리 1680-8번지,"금속 문, 창, 셔터 및 관련제품 제조업 외 5 종",강원도 원주시청,033-737-2982,2019-11-11
원주동화일반지방산업단지,(주)케이에이씨,033-735-0349,191,자동차부품,강원도 원주시 문막읍 동화공단로 85-3,강원도 원주시 문막읍 동화리 1680-3번지,그 외 자동차용 신품 부품 제조업 외 5 종,강원도 원주시청,033-737-2982,2019-11-11
원주태장농공단지,(주)케이엘메드,033-748-6083,3,인공심폐용.신장용혈액회로,"강원도 원주시 태장공단길 42-10,  의료기기산업기술단지 2동 103,104,105호 (태장동)",강원도 원주시 태장동  1720-26번지,그 외 기타 의료용 기기 제조업,강원도 원주시청,033-737-2982,2019-11-11
원주우산지방산업단지,(주)케이엠텍,,49,자동차조향장치,강원도 원주시 우산로 180-14 (우산동),강원도 원주시 우산동 333-17번지,그 외 자동차용 신품 부품 제조업 외 3 종,강원도 원주시청,033-737-2982,2019-11-11
원주우산지방산업단지,(주)코모텍 원주공장,033-731-8194,30,"에어백부품,금형",강원도 원주시 우두산길 7 (우산동),강원도 원주시 우산동 405-6번지,주형 및 금형 제조업 외 4 종,강원도 원주시청,033-737-2982,2019-11-11
원주동화농공단지,(주)코스텍,033-747-9672,16,"의료용모니터(내시경, 초음파 진단)",강원도 원주시 문막읍 동화공단로 135-1,강원도 원주시 문막읍 동화리 1667-6번지,그 외 기타 의료용 기기 제조업 외 1 종,강원도 원주시청,033-737-2982,2019-11-11
원주동화농공단지,(주)코어웨어,033-742-0178,2,디지털 엑스레이 소프트웨어,강원도 원주시 문막읍 동화공단로 84,강원도 원주시 문막읍 동화리 1642-11번지,방사선 장치 제조업,강원도 원주시청,033-737-2982,2019-11-11
원주태장농공단지,(주)코하스,033-733-4215,2,의료용오존소독기,강원도 원주시 태장동 원주의료기기산업단지 3동 103호,강원도 원주시 태장동 원주의료기기산업단지 3동 103호,그 외 기타 의료용 기기 제조업,강원도 원주시청,033-737-2982,2019-11-11
원주동화농공단지,(주)태연메디칼,033-742-7555,31,정영회과 치과용 임플란트,강원도 원주시 문막읍 동화공단로 132-1,강원도 원주시 문막읍 동화리 1642-4번지,정형외과용 및 신체보정용 기기 제조업 외 2 종,강원도 원주시청,033-737-2982,2019-11-11
원주태장농공단지,(주)태장엘이디,033-737-0111,5,"조명기구, 조형물","강원도 원주시 태장공단길 51, A동 B01호 (태장동, 원주창업보육센터)",강원도 원주시 태장동 1720-38번지 원주창업보육센터 A동 B01호,일반용 전기 조명장치 제조업 외 2 종,강원도 원주시청,033-737-2982,2019-11-11
원주동화일반지방산업단지,(주)태진금속,033-744-7480,37,오일필터,강원도 원주시 문막읍 동화공단로 68-1,강원도 원주시 문막읍 동화리 1668-2번지,그 외 자동차용 신품 부품 제조업 외 3 종,강원도 원주시청,033-737-2982,2019-11-11
원주자동차부품일반지방산업단지,(주)태진금속 원주지점,033-743-7481,9,오일필터,강원도 원주시 문막읍 동화리 1703번지,강원도 원주시 문막읍 동화리 1703번지,그 외 자동차용 신품 부품 제조업 외 3 종,강원도 원주시청,033-737-2982,2019-11-11
원주태장농공단지,(주)토라,033-735-4026,5,"태양광발전장치, 도로표지판, 교통신호등","강원도 원주시 태장공단길 50, 1동 102호 (태장동)","강원도 원주시 태장공단길 50, 1동 102호 (태장동)",전동기 및 발전기 제조업 외 2 종,강원도 원주시청,033-737-2982,2019-11-11
원주태장농공단지,(주)티앤씨,033-732-3990,16,"CCTV, 무인교통감시장치, 디지털영상정보시스템, 교통신호제어기, 신호등주, 가로등주",강원도 원주시 태장공단길 42-7 (태장동),강원도 원주시 태장동 1720-19번지,방송장비 제조업 외 6 종,강원도 원주시청,033-737-2982,2019-11-11
원주문막농공단지,(주)티엘씨코리아,033-731-5845,31,"PBAT, PBS",강원도 원주시 문막읍 문막공단길 216,강원도 원주시 문막읍 반계리 5-29번지,합성수지 및 기타 플라스틱 물질 제조업 외 2 종,강원도 원주시청,033-737-2982,2019-11-11
원주문막농공단지,(주)티플러스네트워크,070-4571-3900,3,"보안용카메라, 영상감시장치",강원도 원주시 문막읍 문막공단길 71,강원도 원주시 문막읍 반계리 2184번지,방송장비 제조업,강원도 원주시청,033-737-2982,2019-11-11
원주태장농공단지,(주)파리크라상,033-738-7200,271,"카스테라, 만주 등","강원도 원주시 태장공단길 43 (태장동, (주)파리크라상) (총 2 필지)",강원도 원주시 태장동 1720-39번지 (주)파리크라상 외 1 필지,빵류 제조업,강원도 원주시청,033-737-2982,2019-11-11
원주문막농공단지,(주)팜텍코리아,033-731-9757,34,"홍삼, 홍삼액",강원도 원주시 문막읍 문막공단길 59,강원도 원주시 문막읍 반계리 5-21번지,건강기능식품 제조업 외 1 종,강원도 원주시청,033-737-2982,2019-11-11
원주동화농공단지,(주)퓨런메디칼,033-747-7762,3,요실금치료기,"강원도 원주시 문막읍 동화공단로 130-2,  강원테크노파크 206호",강원도 원주시 문막읍 동화리 1642-5번지,그 외 기타 의료용 기기 제조업,강원도 원주시청,033-737-2982,2019-11-11
원주동화일반지방산업단지,(주)퓨어라인,033-737-8447,65,"PFA VALVE, FITTING, TUBE",강원도 원주시 문막읍 동화공단로 85-4,강원도 원주시 문막읍 동화리 1680-4 번지,"탭, 밸브 및 유사장치 제조업",강원도 원주시청,033-737-2982,2019-11-11
원주태장농공단지,(주)프로메디,033-734-2147,4,"공기압치료기, 기능적 전기 자극기","강원도 원주시 태장공단길 42-10,  원주의료기기산업기술단지 2동 201, 209호 (태장동)","강원도 원주시 태장동 1720-26번지 원주의료기기산업기술단지 2동 201, 209호",그 외 기타 의료용 기기 제조업,강원도 원주시청,033-737-2982,2019-11-11
원주동화일반지방산업단지,(주)피닉스테크놀러지스,032-816-0057,44,인쇄회로기판,강원도 원주시 문막읍 동화공단로 52-1,강원도 원주시 문막읍 동화리 1669-3번지,인쇄회로기판용 적층판 제조업 외 2 종,강원도 원주시청,033-737-2982,2019-11-11
원주우산지방산업단지,(주)대인프린테크,031-676-7673,8,신문,강원도 원주시 우산공단길 26-11 (우산동),강원도 원주시 우산동 411-12 번지,기타 인쇄업 외 1 종,강원도 원주시청,033-737-2982,2019-11-11
원주태장농공단지,(주)하나씨엔에스,033-747-0999,6,"접이식폴대, CCTV카메라, 자동제어반 및 계장제어장치",강원도 원주시 태장공단길 42-11 (태장동),강원도 원주시 태장동  1720-57번지,육상 금속 골조 구조재 제조업 외 4 종,강원도 원주시청,033-737-2982,2019-11-11
원주동화농공단지,(주)하늘마음바이오 원주지점,02-525-2318,5,채혈기,강원도 원주시 문막읍 동화공단로 151,강원도 원주시 문막읍 동화리 1654-1번지,그 외 기타 의료용 기기 제조업,강원도 원주시청,033-737-2982,2019-11-11
원주태장농공단지,(주)한국E&C,033-734-5435,13,공기조절기,"강원도 원주시 태장공단길 42-13 (태장동, (주)한국이엔씨)",강원도 원주시 태장동  1720-16번지,공기 조화장치 제조업,강원도 원주시청,033-737-2982,2019-11-11
원주문막농공단지,(주)한국에이원제약,033-731-2805,30,의약품,강원도 원주시 문막읍 문막공단길 250,강원도 원주시 문막읍 문막공단길 250,완제 의약품 제조업,강원도 원주시청,033-737-2982,2019-11-11
원주문막지방산업단지,(주)한라홀딩스 마이스터 원주센터,02-526-0543,55,조향장치 부품,강원도 원주시 문막읍 문막공단길 75 (문막읍),강원도 원주시 문막읍 반계리 2236번지,그 외 자동차용 신품 부품 제조업 외 3 종,강원도 원주시청,033-737-2982,2019-11-11
원주태장농공단지,(주)한미메디테크,033-734-1811,6,인공 심폐용 혈액회로,"강원도 원주시 태장공단길 42-10,  원주의료기기산업기술단지 122호 (태장동)",강원도 원주시 태장동  1720-26번지,그 외 기타 의료용 기기 제조업,강원도 원주시청,033-737-2982,2019-11-11
원주태장농공단지,(주)한서,033-746-2110,9,"가로등,승강장구조물",강원도 원주시 태장공단길 47 (태장동),강원도 원주시 태장동 1720-35번지,육상 금속 골조 구조재 제조업 외 7 종,강원도 원주시청,033-737-2982,2019-11-11
원주문막농공단지,(주)한일티앤씨,033-345-5682,46,"무대기계장치, 일반조명장치, led 가로등, 경관조명기구전광판, 무대기계제어시스템, 회전무대등 ",강원도 원주시 문막읍 문막공단길 69,강원도 원주시 문막읍 반계리 2194번지,그 외 기타 특수목적용 기계 제조업 외 13 종,강원도 원주시청,033-737-2982,2019-11-11
원주동화농공단지,(주)한일티엠,,15,재활용의료기기,강원도 원주시 문막읍 동화공단로 107-2,강원도 원주시 문막읍 동화리 1667-2번지,그 외 기타 의료용 기기 제조업,강원도 원주시청,033-737-2982,2019-11-11
원주태장농공단지,(주)한지이야기,033-745-7550,5,"한지그릇,티셔츠","강원도 원주시 태장공단길 51,  A-B01호 (태장동)",강원도 원주시 태장동 1720-38번지 A-B01호,기타 종이 상자 및 용기 제조업,강원도 원주시청,033-737-2982,2019-11-11
원주동화농공단지,(주)헬스웰메디칼,033-732-0795,38,안경렌즈,강원도 원주시 문막읍 동화공단로 101-2,강원도 원주시 문막읍 동화리 1665-1번지,안경 및 안경렌즈 제조업 외 6 종,강원도 원주시청,033-737-2982,2019-11-11
원주문막지방산업단지,(주)현대이엔지,033-732-3811,50,자동차 조향장치,강원도 원주시 문막읍 문막공단길 101 (현대이엔지),강원도 원주시 문막읍 반계리 2236-5번지,그 외 자동차용 신품 부품 제조업 외 3 종,강원도 원주시청,033-737-2982,2019-11-11
원주자동차부품일반지방산업단지,(주)화동뉴텍,033-734-9371,41,"rack housing, valve housing, shaft","강원도 원주시 문막읍 세오름길 26,  원주자동차부품일반산업단지 1-3",강원도 원주시 문막읍 동화리 1288-3번지,그 외 자동차용 신품 부품 제조업 외 3 종,강원도 원주시청,033-737-2982,2019-11-11
원주동화일반지방산업단지,(주)휠트론,033-744-1374,32,"오일필터, UPPERBODY",강원도 원주시 문막읍 동화공단로 85-5,강원도 원주시 문막읍 동화리 1680-5번지,액체 여과기 제조업 외 4 종,강원도 원주시청,033-737-2982,2019-11-11
원주동화농공단지,(주)휴러스트,033-733-1733,4,"이온도입기,의료용현미경,LED조명","강원도 원주시 문막읍 동화공단로 147-1, 116호 (동화의료기기생산공장)",강원도 원주시 문막읍 동화리 1667-7번지 116호 (동화의료기기생산공장),그 외 기타 의료용 기기 제조업 외 1 종,강원도 원주시청,033-737-2982,2019-11-11
원주동화농공단지,(주)휴레브,033-747-7171,38,의료용전극,강원도 원주시 문막읍 동화공단로 107-3,강원도 원주시 문막읍 동화리 1667-3번지,전기식 진단 및 요법 기기 제조업,강원도 원주시청,033-737-2982,2019-11-11
원주태장농공단지,153기업주식회사,070-7574-1530,5,교통신호장치 외,강원도 원주시 태장공단길 42-7 (태장동),강원도 원주시 태장동 1720-19번지,교통 신호장치 제조업 외 4 종,강원도 원주시청,033-737-2982,2019-11-11
원주태장농공단지,BAPTON GROUP,033-734-5533,2,베아링,"강원도 원주시 태장공단길 42-4 (태장동, (주)루보)",강원도 원주시 태장동 1720-24번지,구름베어링 제조업,강원도 원주시청,033-737-2982,2019-11-11
원주태장농공단지,G&B 메디텍,070-4269-6677,2,재활자전거,"강원도 원주시 태장공단길 51,  A동 207, C동 2호 (태장동)",강원도 원주시 태장동  1720-38번지,그 외 기타 의료용 기기 제조업,강원도 원주시청,033-737-2982,2019-11-11
원주태장농공단지,가아전기(주),033-747-7136,11,"수,배전반제조, 자동제어반, CCTV, 프로세스제어반, 유량계","강원도 원주시 태장공단길 42-3 (태장동, 가아전기(주))",강원도 원주시 태장동  1720-21번지,배전반 및 전기 자동제어반 제조업 외 9 종,강원도 원주시청,033-737-2982,2019-11-11
원주태장농공단지,경원엠텍,033-745-3548,6,"냉동기, 공기조화기,저장고, 액체여과기, 열교환기, 자동제어","강원도 원주시 태장공단길 42-3, 다동 (태장동)",강원도 원주시 태장동 1720-21번지 다동,산업용 냉장 및 냉동 장비 제조업 외 5 종,강원도 원주시청,033-737-2982,2019-11-11
원주태장농공단지,고려엔비텍(주),033-734-0250,4,"수처리장치, 수문, 수문권양기, 호이스트 및 크레인",강원도 원주시 태장공단길 54-7 (태장동),강원도 원주시 태장동  1720-56번지,액체 여과기 제조업 외 4 종,강원도 원주시청,033-737-2982,2019-11-11
원주문막농공단지,고려인삼(주),033-731-5760,13,"인삼차, 인삼엑기스, 홍삼환, 홍차, 한차",강원도 원주시 문막읍 문막공단길 226,강원도 원주시 문막읍 반계리 5-33번지,차류 가공업 외 3 종,강원도 원주시청,033-737-2982,2019-11-11
원주동화일반지방산업단지,금호기업(주),033-743-2296,30,오일필터,강원도 원주시 문막읍 동화공단로 26,강원도 원주시 문막읍 동화리 1673번지,그 외 자동차용 신품 부품 제조업 외 3 종,강원도 원주시청,033-737-2982,2019-11-11
원주태장농공단지,금화부동산,,0, ,"강원도 원주시 태장공단길 54-3 (태장동, 하나계전)",강원도 원주시 태장동  1720-54번지,기타 부동산 임대업,강원도 원주시청,033-737-2982,2019-11-11
원주태장농공단지,길한산업(주),033-735-3883,20,"부직포,직포매트",강원도 원주시 태장공단길 55 (태장동),강원도 원주시 태장동  1720-33번지,부직포 및 펠트 제조업 외 2 종,강원도 원주시청,033-737-2982,2019-11-11
원주태장농공단지,네오텍,033-764-0255,3,"미용비누,","강원도 원주시 태장공단길 51 (태장동, 원주창업보육센터)",강원도 원주시 태장동 1720-38번지,"치약, 비누 및 기타 세제 제조업",강원도 원주시청,033-737-2982,2019-11-11
원주문막지방산업단지,농업회사법인 꿈터종합식품(주),033-732-8851,62,단무지,강원도 원주시 문막읍 문막공단길 190,강원도 원주시 문막읍 반계리 2232번지,김치류 제조업 외 1 종,강원도 원주시청,033-737-2982,2019-11-11
원주태장농공단지,대광이엔지,033-735-8411,5,"액체여과기, 탈취기",강원도 원주시 태장공단길 42-7 (태장동),강원도 원주시 태장동 1720-19번지,액체 여과기 제조업 외 2 종,강원도 원주시청,033-737-2982,2019-11-11
원주태장농공단지,대산전업,033-745-6200,5,"수배전반, 자동제어반",강원도 원주시 태장공단길 42-1 (태장동),강원도 원주시 태장동 1720-22번지,배전반 및 전기 자동제어반 제조업 외 4 종,강원도 원주시청,033-737-2982,2019-11-11
원주태장농공단지,대신네트웍스(주),033-766-0844,2,cctv,강원도 원주시 태장공단길 42-7 (태장동),강원도 원주시 태장동 1720-19번지,방송장비 제조업,강원도 원주시청,033-737-2982,2019-11-11
원주동화농공단지,대양의료기(주),033-747-4466,16,"초음파,저주파치료기",강원도 원주시 문막읍 동화공단로 147,강원도 원주시 문막읍 동화리 1656-1번지,그 외 기타 의료용 기기 제조업,강원도 원주시청,033-737-2982,2019-11-11
원주우산지방산업단지,대월식품,033-744-9292,5,떡,강원도 원주시 우산공단길 26 (우산동),강원도 원주시 우산동  333-6번지,떡류 제조업,강원도 원주시청,033-737-2982,2019-11-11
원주문막농공단지,대한화인세라믹(주),033-731-7441,41,세라믹코팅제,강원도 원주시 문막읍 문막공단길 37 (대한화인세라믹(주)),강원도 원주시 문막읍 반계리 5-3번지,그 외 기타 분류 안된 화학제품 제조업,강원도 원주시청,033-737-2982,2019-11-11
원주동화농공단지,대화기기(주),033-743-9383,8,전기수술기,강원도 원주시 문막읍 동화공단로 135,강원도 원주시 문막읍 동화리 1656-2번지,그 외 기타 의료용 기기 제조업,강원도 원주시청,033-737-2982,2019-11-11
원주우산지방산업단지,덕원산업(주),033-731-8250,19,웰딩와이어,강원도 원주시 우두산길 7 (우산동) (총 2 필지),강원도 원주시 우산동 405-40번지 외 1 필지,그 외 기타 분류 안된 금속 가공 제품 제조업 외 1 종,강원도 원주시청,033-737-2982,2019-11-11
원주태장농공단지,동국생명과학(주),033-734-0860,51,화학제품중금속처리,"강원도 원주시 태장공단길 54-1 (태장동, 동국정밀화학(주))",강원도 원주시 태장동 1720-9번지,의약용 화합물 및 항생물질 제조업 외 2 종,강원도 원주시청,033-737-2982,2019-11-11
원주우산지방산업단지,동도조명(주)-이전,033-742-3261,27,"형광등기구,자기식안정기",강원도 원주시 우산로 180-14 (우산동),강원도 원주시 우산동  333-17번지,일반용 전기 조명장치 제조업,강원도 원주시청,033-737-2982,2019-11-11
원주자동차부품일반지방산업단지,동아정공(주),033-901-2200,36,자동차부품,"강원도 원주시 문막읍 세오름길 26,   BL A-5",강원도 원주시 문막읍 동화리 1288-3 번지  BL A-5,그 외 자동차용 신품 부품 제조업 외 3 종,강원도 원주시청,033-737-2982,2019-11-11
원주동화농공단지,동진메디칼(주),033-733-9880,0,전자청진기,강원도 원주시 문막읍 동화공단로 151,강원도 원주시 문막읍 동화리 1654-1번지,그 외 기타 의료용 기기 제조업,강원도 원주시청,033-737-2982,2019-11-11
원주태장농공단지,동해엔지니어링(주),033-0747-5600,21,"수중모터펌프,오수용펌프, 수문","강원도 원주시 태장공단길 57 (태장동, 동해엔지니어링(주))",강원도 원주시 태장동 1720-3번지,액체 펌프 제조업 외 6 종,강원도 원주시청,033-737-2982,2019-11-11
원주우산지방산업단지,디.에스 테크,,0,식품기계,강원도 원주시 우산공단길 26 (우산동),강원도 원주시 우산동  333-6번지,음ㆍ식료품 및 담배 가공기계 제조업,강원도 원주시청,033-737-2982,2019-11-11
원주태장농공단지,라이팅스퀘어,033-737-0559,2,"일반용조명장치, 공원등, 집성목재공원등, 경관조명, 볼라드","강원도 원주시 태장공단길 51, A-207(원주창업보육센터) (태장동, 원주창업보육센터)",강원도 원주시 태장동 1720-38번지 원주창업보육센터 A-207(원주창업보육센터),일반용 전기 조명장치 제조업 외 2 종,강원도 원주시청,033-737-2982,2019-11-11
원주동화일반지방산업단지,롯데칠성음료주식회사,02-3459-1300,5,물류,강원도 원주시 문막읍 동화공단로 85-7,강원도 원주시 문막읍 동화리 1680-7번지,일반 창고업,강원도 원주시청,033-737-2982,2019-11-11
원주태장농공단지,리펭코리아 주식회사,033-747-7210,1,"정비용리프트,금속가공풍,유압기계","강원도 원주시 태장공단길 54-4 (태장동, 한미실업(주))",강원도 원주시 태장동  1720-13번지,구조용 금속 판제품 및 공작물 제조업 외 1 종,강원도 원주시청,033-737-2982,2019-11-11
원주태장농공단지,메디텍,033-745-0540,4,소변분석기,"강원도 원주시 태장공단길 42-10,  원주의료기기산업기술단지 3 105호 (태장동)",강원도 원주시 태장동  1720-26번지 ,전기식 진단 및 요법 기기 제조업,강원도 원주시청,033-737-2982,2019-11-11
원주문막농공단지,명성산업(주),033-731-5390,39,"종이가방,포대",강원도 원주시 문막읍 문막공단길 235 (명성산업공장),강원도 원주시 문막읍 반계리 5-5번지,종이 포대 및 가방 제조업,강원도 원주시청,033-737-2982,2019-11-11
원주태장농공단지,명지페인텍,033-747-7821,8,"액체,분체도장, 상하수도처리시설","강원도 원주시 태장공단길 40 (태장동, KJ페인텍)",강원도 원주시 태장동 1720-31번지,도장 및 기타 피막처리업 외 8 종,강원도 원주시청,033-737-2982,2019-11-11
원주태장농공단지,무지개 도어,033-747-0565,1,샤시문,"강원도 원주시 태장공단길 54-3 (태장동, 하나계전)",강원도 원주시 태장동  1720-54번지,"금속 문, 창, 셔터 및 관련제품 제조업",강원도 원주시청,033-737-2982,2019-11-11
원주태장농공단지,미래,033-733-1288,5,"태양광가로등, 비상경보기 등","강원도 원주시 태장공단길 42-1, 105호 (태장동) (총 2 필지)",강원도 원주시 태장동 1720-22번지 105호 외 1 필지,기타 가정용 전기기기 제조업,강원도 원주시청,033-737-2982,2019-11-11
원주태장농공단지,미래크린텍,033-732-5857,5,"액체 여과기, 송풍기, 탈취기","강원도 원주시 태장공단길 54-8, C동 (태장동)",강원도 원주시 태장동 1720-58번지 C동,액체 여과기 제조업 외 2 종,강원도 원주시청,033-737-2982,2019-11-11
원주태장농공단지,반곡기업,,2,배전반,강원도 원주시 태장공단길 42-1 (태장동),강원도 원주시 태장동 1720-60번지,배전반 및 전기 자동제어반 제조업,강원도 원주시청,033-737-2982,2019-11-11
원주태장농공단지,보성엔티,033-747-6116,43,"수배전반, 계장제어장치, 자동제어반, 펌프, 밸브, 여과기, 송풍기, 탈취기",강원도 원주시 태장공단길 38 (태장동),강원도 원주시 태장동 1720-30번지,"탭, 밸브 및 유사장치 제조업 외 10 종",강원도 원주시청,033-737-2982,2019-11-11
원주문막농공단지,비.씨.에이취 주식회사,033-732-5429,14,"전선리휠,파렛트,금형",강원도 원주시 문막읍 문막공단길 244,강원도 원주시 문막읍 반계리 5-10번지,운송장비 조립용 플라스틱제품 제조업 외 5 종,강원도 원주시청,033-737-2982,2019-11-11
원주문막농공단지,비콤시스템(주),033-732-7151,19,"원격감시제어장치,전송제어기기",강원도 원주시 문막읍 문막공단길 53 (비콤시스템),강원도 원주시 문막읍 반계리 5-18번지,배전반 및 전기 자동제어반 제조업 외 8 종,강원도 원주시청,033-737-2982,2019-11-11
원주우산지방산업단지,사조동아원(주),033-742-8941,18,사료,강원도 원주시 우산로 170 (우산동),강원도 원주시 우산동 333-3번지,배합 사료 제조업 외 1 종,강원도 원주시청,033-737-2982,2019-11-11
원주태장농공단지,사회복지법인 보성복지재단,033-734-6161,11,수배전반 등,강원도 원주시 태장공단길 36 (태장동),강원도 원주시 태장동 1720-59번지,배전반 및 전기 자동제어반 제조업 외 8 종,강원도 원주시청,033-737-2982,2019-11-11
원주동화일반지방산업단지,삼아제약주식회사,033-769-8400,296,의약품,강원도 원주시 문막읍 동화공단로 49,강원도 원주시 문막읍 동화리 1676-0번지 ,완제 의약품 제조업,강원도 원주시청,033-737-2982,2019-11-11
원주우산지방산업단지,삼양내츄럴스 주식회사,033-734-5775,29,"볶음참깨, 참기름, 야채스프","강원도 원주시 우산로 177 (우산동, 삼양식품공장)",강원도 원주시 우산동 390번지,식물성 유지 제조업 외 2 종,강원도 원주시청,033-737-2982,2019-11-11
원주우산지방산업단지,삼양식품(주),033-740-8200,862,"라면,스넥,장류,식용유",강원도 원주시 우산로 177 (우산동),강원도 원주시 우산동 390-3번지,"면류, 마카로니 및 유사식품 제조업 외 2 종",강원도 원주시청,033-737-2982,2019-11-11
원주우산지방산업단지,삼양제분 주식회사,033-813-1922,4,밀가루,"강원도 원주시 우산로 177 (우산동, 삼양식품공장)",강원도 원주시 우산동 390번지 삼양식품공장,곡물 제분업,강원도 원주시청,033-737-2982,2019-11-11
원주문막지방산업단지,삼영금속공업(주),053-583-3480,5,조향장치,강원도 원주시 문막읍 문막공단길 188 (삼영금속공업㈜),강원도 원주시 문막읍 반계리 2231번지,자동차용 신품 조향장치 및 현가 장치 제조업,강원도 원주시청,033-737-2982,2019-11-11
원주태장농공단지,삼원포장공사,033-734-9605,5,골판지상자,"강원도 원주시 태장공단길 42-9 (태장동, 삼원포장)",강원도 원주시 태장동  1720-18번지,골판지 제조업 외 1 종,강원도 원주시청,033-737-2982,2019-11-11
원주태장농공단지,상선정보기술(주),033-747-6364,10,"스마트헬스케어의료기기, sos긴급버튼","강원도 원주시 태장공단길 42-10,  3동 106호 (태장동)",강원도 원주시 태장동  1720-26번지,그 외 기타 의료용 기기 제조업 외 1 종,강원도 원주시청,033-737-2982,2019-11-11
원주태장농공단지,상원(주),033-746-5999,2,수소수 제조기,"강원도 원주시 태장공단길 51, A-205 (태장동, 원주창업보육센터)",강원도 원주시 태장동 1720-38번지 원주창업보육센터 A-205,액체 여과기 제조업,강원도 원주시청,033-737-2982,2019-11-11
원주문막지방산업단지,성경산업(주),033-731-0095,25,자동차 조향장치 부품,강원도 원주시 문막읍 문막공단길 200,강원도 원주시 문막읍 반계리 2222번지,자동차용 신품 조향장치 및 현가 장치 제조업,강원도 원주시청,033-737-2982,2019-11-11
원주동화농공단지,성우아이엔씨,033-748-8497,4,x-ray용 전자기판,강원도 원주시 문막읍 동화공단로 147-1,강원도 원주시 문막읍 동화리 1667-7번지,그 외 기타 의료용 기기 제조업,강원도 원주시청,033-737-2982,2019-11-11
원주문막지방산업단지,세경산업(주),033-733-8600,9,우레탄보드,강원도 원주시 문막읍 문막공단길 182,강원도 원주시 문막읍 반계리 2230번지,폴리스티렌 발포 성형제품 제조업 외 1 종,강원도 원주시청,033-737-2982,2019-11-11
원주태장농공단지,세광정보통신(주),033-744-4133,5,"cctv, 스피커, 전광판",강원도 원주시 태장동 1720-60번지,강원도 원주시 태장동 1720-60번지,방송장비 제조업 외 2 종,강원도 원주시청,033-737-2982,2019-11-11
원주동화농공단지,세정,070-7477-9827,2,에어로졸마스크,강원도 원주시 문막읍 동화공단로 107-1,강원도 원주시 문막읍 동화리 1667-1번지,그 외 기타 의료용 기기 제조업,강원도 원주시청,033-737-2982,2019-11-11
원주동화일반지방산업단지,송암시스콤(주),033-737-8301,53,"전력전자, 광전송장치, 전력량계, 비디오용카메라, 카메라, 확대경, 전기신호장치, 변압기",강원도 원주시 문막읍 동화공단로 32 (총 4 필지),강원도 원주시 문막읍 동화리 1672-1번지,배전반 및 전기 자동제어반 제조업 외 21 종,강원도 원주시청,033-737-2982,2019-11-11
원주문막지방산업단지,스탠다드펌(주),033-733-2330,62,알루미늄빌레트,강원도 원주시 문막읍 반계리 2236-6번지 외 1필지,강원도 원주시 문막읍 반계리 2236-6번지 외 1 필지,"전자기 측정, 시험 및 분석기구 제조업",강원도 원주시청,033-737-2982,2019-11-11
원주우산지방산업단지,신성유지,033-748-8980,15,"단미사료, 동물사료",강원도 원주시 우산로 208 (우산동),강원도 원주시 우산동 400-3번지,배합 사료 제조업 외 1 종,강원도 원주시청,033-737-2982,2019-11-11
원주문막농공단지,신영산업,033-731-4449,0, ,강원도 원주시 문막읍 문막공단길 69,강원도 원주시 문막읍 반계리 2194-0번지 ,비주거용 건물 임대업,강원도 원주시청,033-737-2982,2019-11-11
원주동화일반지방산업단지,신영테크,033-747-7041,14,면도기 케이스,강원도 원주시 문막읍 동화공단로 85-8,강원도 원주시 문막읍 동화리 1680-8번지,운송장비 조립용 플라스틱제품 제조업 외 2 종,강원도 원주시청,033-737-2982,2019-11-11
원주우산지방산업단지,신원화학주식회사,033-742-6220,21,"스치로폴 완충재,단열재",강원도 원주시 우산공단길 8-41 (우산동),강원도 원주시 우산동  405-13번지,폴리스티렌 발포 성형제품 제조업 외 1 종,강원도 원주시청,033-737-2982,2019-11-11
원주문막농공단지,심로악기(주),033-731-7861,11,현악기제조,강원도 원주시 문막읍 문막공단길 45 (심로악기),강원도 원주시 문막읍 반계리 5-4번지,기타 악기 제조업,강원도 원주시청,033-737-2982,2019-11-11
원주태장농공단지,싸이러스,070-8807-2308,1,자전거 및 환자용 차량,"강원도 원주시 태장공단길 54-4, 3층 (태장동, 한미실업(주))",강원도 원주시 태장동 1720-13번지 한미실업(주) 3층,자전거 및 환자용 차량 제조업,강원도 원주시청,033-737-2982,2019-11-11
원주동화일반지방산업단지,쌍용자동차 주식회사,031-610-1692,35,창고,강원도 원주시 문막읍 동화공단로 19,강원도 원주시 문막읍 동화리 1678-1번지,일반 창고업,강원도 원주시청,033-737-2982,2019-11-11
원주동화농공단지,씨알에이파이핑코리아(주),070-8290-6407,4,임플란트,"강원도 원주시 문막읍 동화공단로 130-2, 원주벤처공장 2동 102호",강원도 원주시 문막읍 동화리 1642-5번지 원주벤처공장 2동 102호,정형외과용 및 신체보정용 기기 제조업,강원도 원주시청,033-737-2982,2019-11-11
원주동화농공단지,씨앤씨케어,,0,정형용운동장치,강원도 원주시 문막읍 동화공단로 152,강원도 원주시 문막읍 동화리 1652-3번지,정형외과용 및 신체보정용 기기 제조업,강원도 원주시청,033-737-2982,2019-11-11
원주문막농공단지,씨엔아이전자(주),033-731-0841,40,에나멜동선,강원도 원주시 문막읍 문막공단길 201 (문막읍),강원도 원주시 문막읍 반계리 5-20번지,기타 절연선 및 케이블 제조업,강원도 원주시청,033-737-2982,2019-11-11
원주우산지방산업단지,아산농산,033-745-4743,4,동부분말,강원도 원주시 우산로 180-18 (우산동),강원도 원주시 우산동  411-13번지,전분제품 및 당류 제조업,강원도 원주시청,033-737-2982,2019-11-11
원주문막농공단지,아세아세라믹,033-766-8148,2,"인조대리석 절단, 가공",강원도 원주시 문막읍 문막공단길 71,강원도 원주시 문막읍 반계리 2184번지,건설용 석제품 제조업 외 1 종,강원도 원주시청,033-737-2982,2019-11-11
원주태장농공단지,아신펌프테크,033-900-8771,5,"펌프,모터기계장치","강원도 원주시 태장공단길 54-2 (태장동, (주)아신)",강원도 원주시 태장동 1720-12번지 (주)아신,액체 펌프 제조업,강원도 원주시청,033-737-2982,2019-11-11
원주동화농공단지,아이에스피 메딕스,033-731-1184,4,"요실금 치료용 띠, 이식용메쉬","강원도 원주시 문막읍 동화공단로 147-1, 7호",강원도 원주시 문막읍 동화리 1667-7번지,그 외 기타 의료용 기기 제조업,강원도 원주시청,033-737-2982,2019-11-11
원주태장농공단지,에스엘메디칼,033-745-0264,3,수술대,"강원도 원주시 태장공단길 42-10,  202호 (태장동)",강원도 원주시 태장동  1720-26번지 ,의료용 가구 제조업,강원도 원주시청,033-737-2982,2019-11-11
원주태장농공단지,에이엠티(AMT),033-763-1973,3,액체펌프,"강원도 원주시 태장공단길 51, D동 6호 (태장동, 원주창업보육센터)",강원도 원주시 태장동 1720-38번지 원주창업보육센터 D동 6호,액체 펌프 제조업 외 2 종,강원도 원주시청,033-737-2982,2019-11-11
원주태장농공단지,엘투,033-734-5582,6,"led등기구,LED경관조명, 컨트롤러장치","강원도 원주시 태장공단길 42-9 (태장동, 삼원포장)",강원도 원주시 태장동  1720-18번지,일반용 전기 조명장치 제조업 외 6 종,강원도 원주시청,033-737-2982,2019-11-11
원주태장농공단지,엠코아,033-764-3626,3,공기청정기,"강원도 원주시 태장공단길 54-4, 3층 (태장동)",강원도 원주시 태장동 1720-13번지 3층,기체 여과기 제조업,강원도 원주시청,033-737-2982,2019-11-11
원주태장농공단지,예온건설 주식회사,033-763-0456,14,"상하수설비자재,토목공사용자재",강원도 원주시 태장공단길 37 (태장동),강원도 원주시 태장동 1720-40번지,콘크리트 관 및 기타 구조용 콘크리트 제품 제조업 외 6 종,강원도 원주시청,033-737-2982,2019-11-11
원주문막농공단지,오토리브유한회사,033-730-2012,309,"seat belt, air bag",강원도 원주시 문막읍 문막공단길 202 (오토리브주식회사),강원도 원주시 문막읍 반계리 5-30번지,그 외 자동차용 신품 부품 제조업 외 3 종,강원도 원주시청,033-737-2982,2019-11-11
원주동화일반지방산업단지,우원산업,031-315-3061,10,"자동차용필터,에어크리너",강원도 원주시 문막읍 동화공단로 62-1 (우원산업),강원도 원주시 문막읍 동화리 1668-3번지,디지털 적층 성형기계 제조업 외 1 종,강원도 원주시청,033-737-2982,2019-11-11
원주문막농공단지,원광산업주식회사,033-732-0996,42,주물중자,강원도 원주시 문막읍 문막공단길 224,강원도 원주시 문막읍 반계리 5-13번지,그 외 기타 분류 안된 비금속 광물제품 제조업 외 3 종,강원도 원주시청,033-737-2982,2019-11-11
원주우산지방산업단지,원주전통한지,033-761-5193,3,한지,강원도 원주시 우산로 180-22,강원도 원주시 우산동  411-18번지,기타 종이 및 판지 제조업 외 2 종,강원도 원주시청,033-737-2982,2019-11-11
원주태장농공단지,원주창업보육센터,02-769-6543,5,부동산 임대,"강원도 원주시 태장공단길 51 (태장동, 원주창업보육센터)",강원도 원주시 태장동  1720-38번지,비주거용 건물 개발 및 공급업,강원도 원주시청,033-737-2982,2019-11-11
원주태장농공단지,웰텍,070-7576-1665,2,"디밍제어기, 태양광 조명제어기 외",강원도 원주시 태장공단길 42-1 (태장동),강원도 원주시 태장동 1720-22번지,일반용 전기 조명장치 제조업 외 1 종,강원도 원주시청,033-737-2982,2019-11-11
원주태장농공단지,윔코리아(주),033-743-7959,2,"안전장치,창호,LED광고물","강원도 원주시 태장공단길 51, 창업보육센터, C-4호 (태장동, 원주창업보육센터)","강원도 원주시 태장동 1720-38번지 원주창업보육센터 창업보육센터, C-4호",목재문 및 관련제품 제조업 외 2 종,강원도 원주시청,033-737-2982,2019-11-11
원주태장농공단지,유니스파테크(주),033-748-9064,7,"의료용진동기,초음파자극기","강원도 원주시 태장공단길 42-10,  의료기기산업기술단지 4동 204,205,206,207호 (태장동)",강원도 원주시 태장동  1720-26번지,그 외 기타 의료용 기기 제조업,강원도 원주시청,033-737-2982,2019-11-11
원주우산지방산업단지,유성씨앤에프(주),033-737-1772,79,타일연질,"강원도 원주시 우산공단길 8-33 (우산동, 유성화학㈜공장)",강원도 원주시 우산동  405-15번지,벽 및 바닥 피복용 플라스틱제품 제조업,강원도 원주시청,033-737-2982,2019-11-11
원주태장농공단지,윤경산업,033-745-6030,0,낚시장비,강원도 원주시 태장동 1720-60번지 2층 203호,강원도 원주시 태장동 1720-60번지 2층 203호,낚시 및 수렵용구 제조업,강원도 원주시청,033-737-2982,2019-11-11
원주태장농공단지,은도메디텍,033-747-0078,6,채혈관,"강원도 원주시 태장공단길 42-10,  1동 124호 (태장동)",강원도 원주시 태장동  1720-26번지,그 외 기타 의료용 기기 제조업,강원도 원주시청,033-737-2982,2019-11-11
원주문막지방산업단지,이화PNC,033-732-9700,65,화장품용기,강원도 원주시 문막읍 문막공단길 194 (총 2 필지),강원도 원주시 문막읍 반계리 2225번지 외 1 필지,포장용 플라스틱 성형용기 제조업,강원도 원주시청,033-737-2982,2019-11-11
원주자동차부품일반지방산업단지,인하테크(주),033-733-4200,91,기어박스,강원도 원주시 문막읍 세오름길 20,강원도 원주시 문막읍 동화리 1715번지,그 외 자동차용 신품 부품 제조업 외 3 종,강원도 원주시청,033-737-2982,2019-11-11
원주문막지방산업단지,일륭기공(주),033-732-9870,102,자동차조향장치,강원도 원주시 문막읍 문막공단길 198 (일륭기공㈜문막공장),강원도 원주시 문막읍 반계리 2223번지,그 외 자동차용 신품 부품 제조업 외 3 종,강원도 원주시청,033-737-2982,2019-11-11
원주문막농공단지,일신,033-732-8155,0,"캐리어, 캘리퍼",강원도 원주시 문막읍 문막공단길 61,강원도 원주시 문막읍 반계리 5-31번지,기타 부동산 임대업,강원도 원주시청,033-737-2982,2019-11-11
원주동화일반지방산업단지,재아산업(주),033-742-4854,11,"금형, 컨베이어, 배수문, 자동차부품",강원도 원주시 문막읍 동화리 1671-3번지 외 1필지(1671-4),강원도 원주시 문막읍 동화리 1671-3번지 외 1필지(1671-4),주형 및 금형 제조업 외 6 종,강원도 원주시청,033-737-2982,2019-11-11
원주문막농공단지,제이엠피산업(주)원주공장,033-745-1990,7,지대,강원도 원주시 문막읍 문막공단길 235,강원도 원주시 문막읍 반계리 5-5번지,종이 포대 및 가방 제조업,강원도 원주시청,033-737-2982,2019-11-11
원주태장농공단지,주식회사 굿빛,033-900-9312,3,하이브리드 및 태양광 가로등,강원도 원주시 태장공단길 50 (태장동),강원도 원주시 태장동 1720-61번지,그 외 기타 전자부품 제조업 외 7 종,강원도 원주시청,033-737-2982,2019-11-11
원주동화농공단지,주식회사 네오메디코리아,,2,내시경 바이옵시 포셉,"강원도 원주시 문막읍 동화공단로 130-2, 207호",강원도 원주시 문막읍 동화리 1642-5번지 207호,그 외 기타 의료용 기기 제조업,강원도 원주시청,033-737-2982,2019-11-11
원주태장농공단지,주식회사 더파크,033-762-9933,2,"사무용 가구, 주방가구","강원도 원주시 태장공단길 37 (태장동, (주)한성)",강원도 원주시 태장동  1720-40번지,기타 목재가구 제조업 외 1 종,강원도 원주시청,033-737-2982,2019-11-11
원주문막농공단지,주식회사 동산이엔지,033-733-0487,30,"환경기계, 산업기계, 단조제품, 경량골재혼화제, 원심력혼화제",강원도 원주시 문막읍 문막공단길 220,강원도 원주시 문막읍 반계리 5-28번지,금속 단조제품 제조업 외 2 종,강원도 원주시청,033-737-2982,2019-11-11
원주문막지방산업단지,주식회사 디엠비즈텍,,18,비디오테입,강원도 원주시 문막읍 문막공단길 75 (BLOWER BUILDING6동),강원도 원주시 문막읍 반계리 2236번지,마그네틱 및 광학 매체 제조업,강원도 원주시청,033-737-2982,2019-11-11
원주태장농공단지,주식회사 마루치,033-734-0330,2,근관충전제,"강원도 원주시 태장공단길 42-10, 원주의료기기산업기술단지 2-208 (태장동)",강원도 원주시 태장동 1720-26번지 원주의료기기산업기술단지 2-208,의료용품 및 기타 의약 관련제품 제조업,강원도 원주시청,033-737-2982,2019-11-11
원주태장농공단지,주식회사 비티,033-764-6184,6,혈압/맥박 진찰용 인체모형,"강원도 원주시 태장공단길 42-10,  원주의료기기산업기술단지 4-209 (태장동)",강원도 원주시 태장동 1720-26번지 원주의료기기산업기술단지 4-209 ,전시용 모형 제조업,강원도 원주시청,033-737-2982,2019-11-11
원주우산지방산업단지,주식회사 삼양프루웰,033-744-2937,29,"원지,종이박스","강원도 원주시 우산로 177 (우산동, 삼양식품공장)",강원도 원주시 우산동  390번지,판지 상자 및 용기 제조업,강원도 원주시청,033-737-2982,2019-11-11
원주문막농공단지,주식회사 스포트리,070-4789-3400,2,안전매트,"강원도 원주시 문막읍 문막공단길 53, 1층 (비콤시스템)",강원도 원주시 문막읍 반계리 5-18번지 비콤시스템 1층,기타 플라스틱 발포 성형제품 제조업,강원도 원주시청,033-737-2982,2019-11-11
원주태장농공단지,주식회사 안도,033-745-1714,1,"시선유도봉,볼라드","강원도 원주시 태장공단길 51, 에이동 101호(태장동) (태장동, 원주창업보육센터)",강원도 원주시 태장동 1720-38번지 원주창업보육센터 에이동 101호(태장동),금속 표시판 제조업,강원도 원주시청,033-737-2982,2019-11-11
원주태장농공단지,주식회사 알리비타,033-745-4677,3,셀리시드,"강원도 원주시 태장공단길 42-10, 원주의료기기산업기술단지 2동 103호 (태장동)",강원도 원주시 태장동 1720-26번지 원주의료기기산업기술단지 2동 103호,그 외 기타 의료용 기기 제조업,강원도 원주시청,033-737-2982,2019-11-11
원주태장농공단지,주식회사 엘칸,033-734-3422,6,골밀도 진단기,"강원도 원주시 태장공단길 42-10, 1동 207호, 112호 (태장동)","강원도 원주시 태장동 1720-26번지 1동 207호, 112호",방사선 장치 제조업,강원도 원주시청,033-737-2982,2019-11-11
원주태장농공단지,주식회사 웰프,033-743-4561,4,"모터펌프, 수문, 액체여과기",강원도 원주시 태장공단길 59 (태장동),강원도 원주시 태장공단길 59 (태장동),액체 펌프 제조업 외 5 종,강원도 원주시청,033-737-2982,2019-11-11
원주태장농공단지,주식회사 지에이,033-734-5000,24,"LED조명, LED가로등, 가로등주","강원도 원주시 태장공단길 42-9 (태장동, 삼원포장)",강원도 원주시 태장동 1720-18번지,전시 및 광고용 조명장치 제조업 외 7 종,강원도 원주시청,033-737-2982,2019-11-11
원주문막농공단지,주식회사 진명,033-762-4000,6,"디자인울타리, 금속구조물외",강원도 원주시 문막읍 문막공단길 71,강원도 원주시 문막읍 문막공단길 71,"금속 문, 창, 셔터 및 관련제품 제조업 외 3 종",강원도 원주시청,033-737-2982,2019-11-11
원주문막지방산업단지,주식회사 프라이맥스 제2공장,033-731-0677,17,조향장치,강원도 원주시 문막읍 문막공단길 180 (문막읍),강원도 원주시 문막읍 반계리 2229번지,"산업용 오븐, 노 및 노용 버너 제조업 외 10 종",강원도 원주시청,033-737-2982,2019-11-11
원주태장농공단지,주식회사 호산이엔씨,033-764-8234,5,배합모르타르,강원도 원주시 태장공단길 59 (태장동),강원도 원주시 태장동 1720-4번지,그 외 기타 콘크리트 제품 및 유사제품 제조업,강원도 원주시청,033-737-2982,2019-11-11
원주동화농공단지,주식회사고니메드,033-745-9588,4,체내형범용프로브,"강원도 원주시 문막읍 동화공단로 130-2, 원주벤처공장 1동 104호",강원도 원주시 문막읍 동화리 1642-5번지 원주벤처공장 1동 104호,그 외 기타 의료용 기기 제조업,강원도 원주시청,033-737-2982,2019-11-11
원주우산지방산업단지,주식회사농협사료원주배합사료공장,033-730-8900,50,배합사료,강원도 원주시 우산로 208 (우산동),강원도 원주시 우산동 400-3번지,배합 사료 제조업 외 1 종,강원도 원주시청,033-737-2982,2019-11-11
원주문막농공단지,창대영농조합법인,033-731-4408,12,"단무지, 김밥우엉",강원도 원주시 문막읍 문막공단길 242,강원도 원주시 문막읍 반계리 5-24번지,김치류 제조업 외 1 종,강원도 원주시청,033-737-2982,2019-11-11
원주태장농공단지,창우이엔지(주),,4,상하수처리기계,"강원도 원주시 태장공단길 54-4 (태장동, 한미실업(주))",강원도 원주시 태장동 1720-13번지 한미실업(주),컨베이어장치 제조업 외 7 종,강원도 원주시청,033-737-2982,2019-11-11
원주우산지방산업단지,천일신약,033-748-1810,3,한약재,강원도 원주시 우산로 180-18 (우산동),강원도 원주시 우산동  411-13번지,한의약품 제조업,강원도 원주시청,033-737-2982,2019-11-11
원주동화일반지방산업단지,카멕스이엠(주),031-9079-415,11,수처리류,강원도 원주시 문막읍 동화공단로 62 ((주)카멕스이엠),강원도 원주시 문막읍 동화리 1671-2번지,그 외 기타 특수목적용 기계 제조업 외 3 종,강원도 원주시청,033-737-2982,2019-11-11
원주태장농공단지,케이에스,,3,유량계,강원도 원주시 태장공단길 59 (태장동),강원도 원주시 태장동 1720-4번지,속도계 및 적산계기 제조업 외 4 종,강원도 원주시청,033-737-2982,2019-11-11
원주태장농공단지,코리아메드,,7,"침습적동맥혈압측정용 센서, 동맥혈지혈대","강원도 원주시 태장공단길 51,  원주생산형창업보육센터 A동 102 (태장동)",강원도 원주시 태장동 1720-38 번지 원주생산형창업보육센터 A동 102,그 외 기타 의료용 기기 제조업,강원도 원주시청,033-737-2982,2019-11-11
원주동화농공단지,클래드코리아 원주(주),070-8290-6402,4,임플란트,"강원도 원주시 문막읍 동화공단로 130-2, 원주벤처공장2 104호",강원도 원주시 문막읍 동화리 1642-5번지 원주벤처공장2 104호,정형외과용 및 신체보정용 기기 제조업,강원도 원주시청,033-737-2982,2019-11-11
원주태장농공단지,클린프로텍,033-747-3149,2,공기청정장치,"강원도 원주시 태장공단길 51, 에이동 103호, 104호 (태장동, 원주창업보육센터)","강원도 원주시 태장동 1720-38번지 원주창업보육센터 에이동 103호, 104호",기체 여과기 제조업,강원도 원주시청,033-737-2982,2019-11-11
원주태장농공단지,킴스몰드,033-745-0306,4,의료용품케이스,"강원도 원주시 태장공단길 51,  C-1,2,3호 (태장동)","강원도 원주시 태장동 1720-38 번지 C-1,2,3호",주형 및 금형 제조업 외 1 종,강원도 원주시청,033-737-2982,2019-11-11
원주문막지방산업단지,태성,033-732-1352,7,자동차조향장치,강원도 원주시 문막읍 문막공단길 178,강원도 원주시 문막읍 반계리 2228번지,그 외 자동차용 신품 부품 제조업 외 3 종,강원도 원주시청,033-737-2982,2019-11-11
원주문막지방산업단지,태영산업,,15, 플라스틱 화장품용기,강원도 원주시 문막읍 문막공단길 196,강원도 원주시 문막읍 반계리 2224 번지,그 외 기타 플라스틱 제품 제조업,강원도 원주시청,033-737-2982,2019-11-11
원주문막농공단지,태영산업-임대기간만료,033-732-8351,11,프라스틱제품 인쇄,강원도 원주시 문막읍 문막공단길 53 (비콤시스템),강원도 원주시 문막읍 반계리 5-18번지,기타 인쇄업 외 1 종,강원도 원주시청,033-737-2982,2019-11-11
원주문막농공단지,토다이수(주) 제1공장,033-730-1716,335,전자관및 전자제품,강원도 원주시 문막읍 문막공단길 236 (문막읍),강원도 원주시 문막읍 반계리 5-12번지,그 외 기타 전자부품 제조업 외 1 종,강원도 원주시청,033-737-2982,2019-11-11
원주태장농공단지,티원주식회사,033-742-9600,9,"천막, 캔버스제품, 파고라, 조립식구조물",강원도 원주시 태장공단길 54-5 (태장동),강원도 원주시 태장공단길 54-5 (태장동),"천막, 텐트 및 유사 제품 제조업 외 2 종",강원도 원주시청,033-737-2982,2019-11-11
원주태장농공단지,티제이엔테크,033-748-8658,5,"제진기,탈취기,여과기,밸브,크레인,수문,금속조립구조재",강원도 원주시 태장공단길 54-8 (태장동),강원도 원주시 태장동 1720-58번지,액체 여과기 제조업 외 7 종,강원도 원주시청,033-737-2982,2019-11-11
원주문막지방산업단지,학교법인고황재단(경희한약),033-731-5971,14,한의약재,강원도 원주시 문막읍 문막공단길 99 (문막한약가공공장),강원도 원주시 문막읍 반계리 2236-3번지 ,한의약품 제조업,강원도 원주시청,033-737-2982,2019-11-11
원주태장농공단지,한국디지탈전자간판(주)-임대기간만료,033-748-7700,6,LED전자간판,강원도 원주시 태장동 1720-36번지,강원도 원주시 태장동 1720-36번지,전시 및 광고용 조명장치 제조업,강원도 원주시청,033-737-2982,2019-11-11
원주문막지방산업단지,한국모노레일(주),033-732-7137,42,모노레일,강원도 원주시 문막읍 문막공단길 192 (한국모노레일원주공장),강원도 원주시 문막읍 반계리 2227번지,기관차 및 기타 철도차량 제조업 외 3 종,강원도 원주시청,033-737-2982,2019-11-11
원주태장농공단지,한국바우텍(주),033-747-7076,3,"스텐레스연도,트레일러,특장차, 이동식화장실, 자동차부품","강원도 원주시 태장공단길 54-4 (태장동, 한미실업(주))",강원도 원주시 태장동  1720-13번지,구조용 금속 판제품 및 공작물 제조업 외 8 종,강원도 원주시청,033-737-2982,2019-11-11
원주태장농공단지,한국아트콘텐츠(주),033-734-3701,6,전시조형물,"강원도 원주시 태장공단길 54-2 (태장동, (주)아신)",강원도 원주시 태장동 1720-12번지,전시용 모형 제조업 외 2 종,강원도 원주시청,033-737-2982,2019-11-11
원주문막농공단지,한국유니온제약(주),033-731-2804,92,의약품,강원도 원주시 문막읍 문막공단길 246,강원도 원주시 문막읍 반계리 5-9번지,완제 의약품 제조업,강원도 원주시청,033-737-2982,2019-11-11
원주문막농공단지,한국유니온제약(주) 제2공장,033-731-2804,30,"의약품(케포돈주, 프로신주)",강원도 원주시 문막읍 문막공단길 247 (총 2 필지),강원도 원주시 문막읍 반계리 5-42번지 외 1 필지,완제 의약품 제조업,강원도 원주시청,033-737-2982,2019-11-11
원주태장농공단지,한신기계공압,033-748-5230,8,공기압축기,"강원도 원주시 태장공단길 54-13 (태장동, 하나계전)",강원도 원주시 태장2동 1720-55번지,기체펌프및압축기제조업,강원도 원주시청,033-737-2982,2019-11-11
원주우산지방산업단지,한일전기(주),033-742-5181,293,"환풍기,믹서,선풍기.가스스토브","강원도 원주시 우산공단길 10 (우산동, 한일전기㈜)",강원도 원주시 우산동  411-6번지,공기 조화장치 제조업 외 8 종,강원도 원주시청,033-737-2982,2019-11-11
원주우산지방산업단지,한주물산(주),033-742-4903,14,"형광등기구,형광등용안정기",강원도 원주시 우산공단길 38 (우산동),강원도 원주시 우산동  333-15번지,변압기 제조업 외 2 종,강원도 원주시청,033-737-2982,2019-11-11
원주문막지방산업단지,해돋이식품,033-732-2632,8,누룽지,강원도 원주시 문막읍 문막공단길 103 (㈜영화제이공장),강원도 원주시 문막읍 반계리 2236-4번지,기타 곡물 가공품 제조업,강원도 원주시청,033-737-2982,2019-11-11
원주문막지방산업단지,해태가루비(주),033-732-9996,103,감자스넥,강원도 원주시 문막읍 문막공단길 154,강원도 원주시 문막읍 반계리 2235번지,과자류 및 코코아 제품 제조업,강원도 원주시청,033-737-2982,2019-11-11
원주동화농공단지,현메딕스,033-742-5745,7,"의료용 압력계, 천자침, 에어필터",강원도 원주시 문막읍 동화공단로 101-1,강원도 원주시 문막읍 동화리 1665-2번지,정형외과용 및 신체보정용 기기 제조업 외 1 종,강원도 원주시청,033-737-2982,2019-11-11
원주우산지방산업단지,황금식품,033-742-0981,12,"잉어빵반죽, 팥앙금",강원도 원주시 우산공단길 26 (우산동),강원도 원주시 우산동  333-6번지,곡물 혼합분말 및 반죽 제조업,강원도 원주시청,033-737-2982,2019-11-11
원주문막농공단지,후성정공(주),033-731-7481,50,"밸브류(PLUG,DIAPHRAGM VALVE), PFA PACKING & PEEK",강원도 원주시 문막읍 문막공단길 51 (후성정공공장),강원도 원주시 문막읍 반계리 5-17번지,그 외 기타 플라스틱 제품 제조업 외 1 종,강원도 원주시청,033-737-2982,2019-11-11
